0.001,0.01,5.184015683948613,1e-05,8968,264,0.8636363636363636,1.8081419673770733,1.8386489248149314,0.03050695743785803,0.9216571479617562,0.8225443593040831,0.8683268550231493,0.4328108211206245,0.9522817230362463,0.3963614215125135,0.6262517202195086,0.8812950306251702,0.503939798944926,0.7750346147697196,-0.08018744256158172,0.722843664711842,0.46517413231163396,0.6884443479404594,0.15631650731624705,0.08179420271853291,-0.19136019983562053,0.5855443945260121,0.2735783312110326,0.17177714163516908,0.06575354057617334,-0.34639402144125864,0.4481231891120863,-0.09185359019286451,0.44868876375222055,0.22005305674627199,-0.20043073475387016,-0.3082866926494651,0.40975125399044116,0.2041820528751357,0.15582195509351726,0.360899529368451,0.08171948854259099,0.13050791820659266,-3.09459878762516
0.001,0.01,4.87824787632421,1e-05,9342,264,0.8181818181818182,1.8234063308690995,2.079083677079321,0.2556773462102213,0.8920419012820184,0.8224538843874662,0.8917278482357767,0.407495807873757,0.999192574184727,0.44836372796427587,0.7003429877633645,0.9583165331797778,0.5348008264594464,0.7738808189580466,-0.11504632431298466,0.6629153878732745,0.5238068036277679,0.5995147044667329,0.16556311426999668,0.12449660110385694,-0.18044210953231624,0.5966153347594103,0.26228868733335203,-0.008213409668218374,0.10753731881527329,-0.28889030575328545,0.3618377284217601,-0.013822771766765623,0.4415227433819164,0.06450346873900464,-0.22092517664270467,-0.12976735105530077,0.4543121369723428,0.14428979128796604,0.28705239850345154,0.4905007983039585,0.21077746428893343,0.2759847025317193,-3.0027309159949493
0.001,0.01,5.16098544205847,1e-05,9374,264,0.8484848484848485,1.7878029269634073,1.736937824768122,0.05086510219528528,0.9157709485667375,0.8224461436803135,0.8503017071678296,0.4622607619877077,0.9379201631910078,0.4891509986117167,0.6228148243831749,0.9020718569925499,0.5270747940216699,0.8507759919414287,-0.11535696240307118,0.6039868041359593,0.4507352110783176,0.6320877074291069,0.14290224907106716,0.10435907329960885,-0.1895238970895616,0.5842431985232152,0.20849189820610842,0.15941558919723905,0.004403393976228215,-0.39832148844816845,0.3231887665591612,-0.11030143792200457,0.3848589505588555,0.17119787188502558,-0.2056612234594864,-0.25792550521237456,0.36669330144268136,0.27531353244023177,0.17625365871828655,0.3848177486630438,0.05980761022919196,0.1331743351020671,-2.9095084920858696
0.001,0.01,5.297860154275899,1e-05,10258,264,0.8787878787878788,1.7453692182268996,1.6568958210728308,0.08847339715406877,0.9796683565544703,0.8222323354477895,0.8358560326266417,0.42835195548372873,0.9165174763698579,0.4998961191699431,0.5150645405497983,0.8602234238288118,0.46171761559350194,0.7901127651504345,-0.13502582573812533,0.5383592471172056,0.40456105222390515,0.6708674323972559,0.06465584644721753,0.13203562750353595,-0.1756646714988399,0.5412729654055621,0.23672493831072286,0.20371774065501178,0.01723904551401706,-0.3558903448361527,0.39579389134972986,-0.14147988865856526,0.464602087022461,0.19237226862994078,-0.28593463382456435,-0.274406577050766,0.3864636580397099,0.22529578775439743,0.2477817378607235,0.3380276329585161,0.057420076922451116,0.17175113584983176,-2.7337647616992125
0.001,0.01,5.056161624900809,1e-05,9382,264,0.8333333333333334,1.8416794356068724,1.8843608404636332,0.04268140485676075,0.907953658769913,0.8224442085149087,0.8687451174822783,0.5161720106533567,0.9511524102955242,0.44544545959403825,0.6630070790189349,0.8565749479693188,0.5141001485861645,0.827924844118102,-0.13104935767361206,0.6063050214925184,0.5077472131350182,0.7427929506108097,0.10758604302929496,0.13489492543344386,-0.20820087959538053,0.6058626972073242,0.25526656492761196,0.21352467416055415,0.008234416006222859,-0.3821439294102313,0.37440483604177427,-0.02020212944401286,0.4304579233866141,0.1966171368139896,-0.20208601963031783,-0.23406639075329227,0.4359570327643387,0.23234168998570984,0.2108334585472064,0.3721850172340151,0.10486715438142584,0.2040694936853783,-2.935521526539607
0.001,0.1,4.357316563106472,1e-05,9542,264,0.8787878787878788,14.074185925357654,14.106291837000269,0.032105911642615226,0.9233470266007127,0.8018931052529461,0.857189869087161,0.42314304734098807,0.9394609008661549,0.3885684711907441,0.6147204253639265,0.8631357832153769,0.49267746964493775,0.7516453006605771,-0.08099441466248791,0.7039755626097268,0.4424439187496053,0.6690324869533045,0.1481414053341448,0.07548332144181437,-0.19430632529479,0.5638369747664136,0.259961462110407,0.15059322714406825,0.06547271564258768,-0.3668440285344974,0.44017341309811864,-0.09924793331964799,0.43260771765104317,0.2151589082922133,-0.21898727284310077,-0.32262175785401037,0.39555870033880774,0.18198119071518612,0.15465681417774596,0.3312454416190304,0.07385447301134218,0.09915672979128143,-3.021979226253593
0.001,0.1,4.060243034925885,1e-05,10291,264,0.8181818181818182,14.461528280030723,14.71286384266877,0.25133556263804735,0.8991590123160094,0.8001285236656213,0.8814470599175313,0.3963765357106145,0.9882202418709747,0.4425970344083509,0.6906027445911078,0.9462944619814706,0.5236233320848523,0.7468510702138146,-0.1216156509347068,0.6392563059511943,0.4971951037121362,0.5707285784825348,0.15439973572845025,0.1189952207609543,-0.18695736410064234,0.569953107678994,0.24042836736732925,-0.05139949929600357,0.1088917938704106,-0.31970565052451555,0.34547749042073483,-0.02045623496938369,0.41841819565966126,0.04752209099744477,-0.25512438275520627,-0.1434120277131267,0.4381693604541816,0.10977309851310599,0.291971983691553,0.4563906361288213,0.20564660779985366,0.23813312847653292,-2.931316103711356
0.001,0.1,4.19513040911081,1e-05,10212,264,0.8333333333333334,13.743432152475474,13.696015407128794,0.0474167453466805,0.9230145866887172,0.8003144577551762,0.8393982445616668,0.4534240067526378,0.926549905350688,0.485166903749694,0.6120419389089752,0.8822887225450559,0.5176310905484084,0.8250785667559734,-0.11775193468143076,0.5739851881580054,0.4256482094608351,0.6070611256025588,0.13612125103981887,0.09599628038490009,-0.19117431853877037,0.5586398334471722,0.191760141755004,0.1309244823031605,0.00417817823069956,-0.4298232339196437,0.31132681331083784,-0.12100202897993721,0.3645389394001334,0.16325256631490487,-0.22900894606153016,-0.2753543698645829,0.35036445203249217,0.2531672221254961,0.17977720150279233,0.35012846686100646,0.05086537170507876,0.09197501689696357,-2.838633824150944
0.001,0.1,4.4266640469051435,1e-05,11213,264,0.8939393939393939,13.260195124545808,13.17681026145831,0.08338486308749715,0.9896259913126098,0.7979616994749931,0.8238604068982072,0.4190739318381497,0.903136762625869,0.4943794609163664,0.4991420372682382,0.8357146624907974,0.44790843834036764,0.7605323127925168,-0.13800891969479243,0.5035013453755608,0.3776890682411065,0.6465204257148761,0.054676909075203006,0.1235643417454609,-0.17562022874868088,0.51040693879776,0.22097758807801704,0.17748989437003757,0.01886624271897715,-0.38625347452649056,0.3867619427998596,-0.15160019442463787,0.44978585146056455,0.1851886614074335,-0.3171413984193378,-0.2918693692136311,0.3687708006940724,0.19750037547175006,0.255320653099784,0.297667450609107,0.049161736178011686,0.12985757546650015,-2.6554394368247
0.001,0.1,4.2391907494553465,1e-05,10495,264,0.8484848484848485,14.326391717304986,14.364948601667349,0.03855688436236271,0.9227256701196038,0.7996485898401821,0.8569060102236725,0.5102675146210217,0.9420232635783164,0.4420075431125634,0.6541657407580452,0.8325925827934488,0.5007850035435866,0.7981144426288955,-0.14075779998111296,0.57163229785326,0.48262140461217545,0.7214646399838919,0.09390641859232668,0.1258463808724285,-0.2144462515839008,0.5745729644585905,0.2353086853205578,0.17910293352073467,0.0076042940786988,-0.42721320943856167,0.3619727489516611,-0.028960499355958378,0.40877692867319076,0.1881425972919712,-0.23565505233957837,-0.2595124022792625,0.4189486394927711,0.2011203324948583,0.21581526016999172,0.32818123233237195,0.09279553068291715,0.15619132788841514,-2.861770886621568
0.001,0.2,4.216001825389438,1e-05,10647,264,0.8787878787878788,26.460837478701187,26.49590934301162,0.03507186431043152,0.9346948279526235,0.7746493419387199,0.8464913140273074,0.4105806347857285,0.9268180605546134,0.3785705339431835,0.6008334798253907,0.8399438389000901,0.47868448294491805,0.7182062799593545,-0.08234937799609107,0.6776694008430003,0.4087165621243237,0.6421898920809395,0.1369075414961209,0.0657546883746438,-0.19991608074235045,0.5334882888218833,0.2404962001048743,0.11790080132023245,0.06617519837407346,-0.4035418651577546,0.43247365041612035,-0.11128777819998818,0.41025606435113626,0.21146913075191553,-0.25261187197621215,-0.3477041482895364,0.375461470852983,0.14806297393920048,0.15410409873179548,0.28530832862732053,0.060777688557621445,0.047755444233836326,-2.931214572868362
0.001,0.2,3.926065243670541,1e-05,11654,264,0.8181818181818182,27.135094055777184,27.3818371574449,0.24674310166771463,0.9079473183313814,0.7700742340923968,0.8696737624523703,0.381670030838511,0.975346032628335,0.43495142530754854,0.6792024464748557,0.9304829410525276,0.510561123465019,0.7105434268056744,-0.12795847597711257,0.6077349047386721,0.46398153618308813,0.5333618322526046,0.14250112002277532,0.11293905468735597,-0.19299338929960957,0.5371296733381316,0.2131061033508922,-0.10508572995166635,0.11264250414422537,-0.3570256683803903,0.32649893719983725,-0.02663693738258855,0.3899579009379796,0.028057163782683504,-0.29948904447596536,-0.1568459184579372,0.41888879662420825,0.06789013797553178,0.29971647977588745,0.4131398429334087,0.20031421628028978,0.1896567074568624,-2.8420951839388726
0.001,0.2,3.9970643500685137,1e-05,11400,264,0.8181818181818182,25.75130610093968,25.707550944609142,0.04375515633053695,0.9328308718284231,0.771225678964551,0.8270865710479118,0.44228042480414503,0.9136234965902614,0.480362991462193,0.5994387878145728,0.8571252453238881,0.5066718638152464,0.791087099818445,-0.11937694539518709,0.5345722042091239,0.39416071445681333,0.5754151899727952,0.12944192176765915,0.08629066382040874,-0.19165681975712237,0.5274343195215705,0.17169624765267189,0.09635033242865668,0.005159320291003858,-0.4687724024587861,0.29835795664591,-0.1328031631844361,0.33976972814819617,0.15538951099945653,-0.2585170503792618,-0.2945596756955428,0.3309425436358297,0.227444938770826,0.18595783637694902,0.3070004996611949,0.04031280115289607,0.03967738182807518,-2.7549754617121343
0.001,0.2,4.339977460858717,1e-05,12361,264,0.9090909090909091,24.73371920192841,24.65618015614245,0.07753904578595794,0.9971028362079609,0.7668782721755808,0.8100353928034898,0.4079845745576052,0.8871559879749324,0.4864105446272433,0.48118911759398214,0.8058622675905145,0.43210182150269205,0.724552649917393,-0.13901305394406366,0.4626621306670882,0.34757497225677464,0.6178264712956324,0.04543534660141645,0.11486619420782786,-0.17308851842047843,0.47543757283799704,0.20363187241598013,0.15013497810629522,0.021925904011273725,-0.4169086214352577,0.3772817045597299,-0.16001818890337466,0.4336256170584829,0.178428719090244,-0.35043979914397166,-0.30644308808678306,0.34887332165223633,0.16822506750627816,0.2643970569991067,0.2526812015367678,0.04119967317720716,0.08352135914125929,-2.565325255316818
0.001,0.2,4.100639589211229,1e-05,11940,264,0.8484848484848485,26.810105841390634,26.8441773866716,0.03407154528096612,0.9376187417257481,0.7687797827998125,0.8420433945824851,0.5011430789772897,0.9307741477840304,0.4373390752750836,0.6434957907562623,0.8010479423479148,0.48496114953642605,0.7587929058584092,-0.1502467909300896,0.5276906738813227,0.4527637879436382,0.6940694394756765,0.07988909797079718,0.11621435673858889,-0.21855036894883975,0.5371652171695225,0.2122516786582076,0.140307405382979,0.009034360894934939,-0.4768795488872137,0.34871971248876155,-0.036856951765607715,0.3835803408411337,0.1801749253014101,-0.2741690929151203,-0.28453773769440904,0.3987975294078539,0.16728954898650947,0.22307401911891245,0.2768226644991095,0.07923795057654999,0.09998116825076592,-2.7718218475938095
0.001,0.5,4.096293291894972,1e-05,14747,264,0.8787878787878788,55.5131395527173,55.55445463092324,0.04131507820594038,0.9457921635596032,0.6639260808292021,0.8099003946764499,0.36654441423961387,0.8826344044226894,0.3398821455946162,0.5571710036302925,0.7536724898030084,0.43316123008921104,0.598731349311189,-0.07068839787771317,0.5813784723547604,0.30184185733778773,0.5490354781679091,0.11395119716847171,0.048132421723062625,-0.1970472021828509,0.4392557669079547,0.181846719554781,0.03556684762982711,0.07734902463887869,-0.48966391633734946,0.4152327894729363,-0.12788430247774651,0.3449405381790122,0.21388061313392642,-0.3452137764800037,-0.3871033736900548,0.31481673143939726,0.0631708802684567,0.15802622893909946,0.14969023006188534,0.025881814633441858,-0.09768383194799929,-2.6291175466882732
0.001,0.5,3.8162485789741973,1e-05,15000,264,0.8181818181818182,56.32066939727484,56.55579709621435,0.23512769893950747,0.8846896850072155,0.6614604567643526,0.8221787309910404,0.33555596400235693,0.918406738571169,0.40262866013307586,0.6378909418655295,0.858458643693337,0.4678198068673218,0.599857739954405,-0.12290680203263646,0.5168408572664684,0.37957699193510785,0.43628866509456415,0.12370719064187731,0.10492830345520608,-0.1870038785798379,0.45311211429098697,0.14737724141055628,-0.19956803651617072,0.12788952406917722,-0.406331963433749,0.28254750403206585,-0.025340528508348063,0.3216144243771675,-0.0034874102467313548,-0.378285928848049,-0.15503852931157006,0.37130003175488796,-0.008539189168196366,0.3139835707730165,0.307352613442031,0.19211755935256083,0.08293016260563593,-2.5515639973177513
0.001,0.5,3.988548003907092,1e-05,15000,264,0.8484848484848485,53.620543389572674,53.58267491295831,0.037868476614363544,0.9280163209096174,0.6614604567643526,0.7836570207167604,0.40321776235729917,0.8640528104546801,0.45644620325597907,0.5587356482032997,0.7716452077610735,0.4686290851197331,0.6757442975943071,-0.10920396293257972,0.41778668650467904,0.30367396420680803,0.483664654429725,0.12045496111724754,0.07131110040926007,-0.17773106802562338,0.4419297876467776,0.12103333334110332,0.02068962281471761,0.015884348790132813,-0.5403472948143786,0.26814367947628914,-0.14324266464225077,0.2742191848534835,0.14254793424882437,-0.32007451555689764,-0.3091309099027438,0.2825047616740617,0.17273773873332718,0.20739037232106383,0.19662201588467795,0.021216117932911973,-0.08768525513178599,-2.4925563871994436
0.001,0.5,4.220457392816172,1e-05,15000,264,0.9090909090909091,51.09367401023514,51.03010217408768,0.0635718361474602,0.9703566631020026,0.6614604567643526,0.7643692185482148,0.3730757536123126,0.8305283541201444,0.4518487883609995,0.43403701400308003,0.7170414828628721,0.38702163653409416,0.6213379248114146,-0.12627359818370262,0.36229271648256833,0.2753643677957574,0.5390384517088481,0.03288444464784662,0.10107239184751017,-0.15340291904284614,0.38918955455244053,0.16104691026700557,0.09920065458670216,0.034045425241722854,-0.45523159578713046,0.3501960630574275,-0.16048197837535164,0.3908244734892421,0.16357324981433932,-0.4025568656946417,-0.3049754822469865,0.3000442120458706,0.11135330285974077,0.28094285290527105,0.153293677004514,0.031943543352857234,-0.011439539201640835,-2.2994044882771787
0.001,0.5,4.097712536240538,1e-05,15000,264,0.8787878787878788,55.389085529226314,55.41418498788589,0.02509945865957519,0.9197293863867463,0.6614604567643526,0.787333430890054,0.45933068556256895,0.8781861607599021,0.4123593347568513,0.6038849623968918,0.7058437959743403,0.43888693381260935,0.6459409681593962,-0.15254282510977668,0.42126179536885083,0.37760918236931684,0.6126373227434344,0.05882990156292591,0.10412820466285025,-0.20685074457285013,0.44650941929915766,0.16035188453118754,0.07175377714496942,0.020531590845984115,-0.5362014818094362,0.31582320517470325,-0.039413980999406614,0.3234453461830453,0.16315166977747708,-0.33109960944667843,-0.29758630264438757,0.3484894600185984,0.10993950473886352,0.2363628497817324,0.17183121554604577,0.05870297266705789,-0.005499373864243515,-2.489013132572502
0.005,0.01,5.2411493051504,1e-05,2042,264,0.8787878787878788,1.801021653644837,1.836387435249338,0.03536578160450099,0.9618153721236166,0.8222439420649074,0.878411164239974,0.4320033872927997,0.9629904901547253,0.39691932744273734,0.6259219623254291,0.8822536278606203,0.5019772567413019,0.7625802110377627,-0.08804255810910368,0.7161129325136233,0.44245846869553834,0.680188582374899,0.1461672911730388,0.0704955156274024,-0.20650540766049746,0.5701869748950067,0.260508180267125,0.13992627895768298,0.06536029081569605,-0.398549367112759,0.4508303272487563,-0.1096518470158872,0.43592065364832927,0.22217306358873162,-0.24426973515432338,-0.3489203062073865,0.39764285757988654,0.1718888107670353,0.15585663529866592,0.32239318670329203,0.066438005754144,0.07805876023059774,-3.0872142658121047
0.005,0.01,4.8813401042401185,1e-05,2153,264,0.8181818181818182,1.8152384824737924,2.069970603249666,0.2547321207758735,0.9295712748548088,0.8221097336885747,0.9021952034653448,0.40518830666509015,1.0126551901916612,0.45388846008355266,0.7060530266461172,0.9727630644828422,0.5357113938242657,0.7619605190592307,-0.13003665430866607,0.6508361572488812,0.50450806321091,0.5786920627844212,0.15464436018023758,0.11908374861088114,-0.19585780019913562,0.5801956627193051,0.24203624909414675,-0.06754129309578867,0.11049893724615557,-0.34043571641686876,0.35002134695396847,-0.023095437019845788,0.42311622583156555,0.044846362560941426,-0.27576129574007685,-0.15360379480056452,0.4444530410893472,0.10230768701319931,0.2989762590570837,0.46191152313718276,0.2065754917750163,0.2343356373603719,-3.0016894603927757
0.005,0.01,5.1068932227706405,1e-05,2151,264,0.8333333333333334,1.779868175683037,1.7333654809907983,0.046502694692238666,0.9571774995018252,0.8221121516637134,0.8595985982290018,0.4647853645734165,0.949708557237927,0.49867013877036553,0.6249465256196461,0.902609733012014,0.5301509982488475,0.8420404222393599,-0.12508478059020275,0.5790931360473324,0.43003616080662765,0.6158568174210041,0.1366261037615833,0.09256459092858689,-0.19898955263483653,0.5668733057954363,0.191394501709393,0.12308430113503606,0.001962711272281516,-0.4584368232083213,0.31588210437495573,-0.1300789849739189,0.36719484626636917,0.1672516072563154,-0.248445252342215,-0.2937806963061797,0.35250029642994074,0.2527179672642079,0.18354623346662102,0.3486221074212596,0.04463135271137212,0.0775886637244958,-2.904390658333583
0.005,0.01,5.414989516822965,1e-05,2348,264,0.9090909090909091,1.736812898899136,1.652609039472553,0.08420385942658304,1.0277714150994695,0.8218740152587459,0.8432776869335689,0.4298435670221861,0.9261285120097776,0.5086587222566784,0.5074784479237208,0.8551382540606299,0.45756420269263715,0.7766930054974545,-0.14659495903805955,0.507679583608274,0.3813976612887913,0.6596037733301722,0.05209518861553147,0.12215466719975504,-0.18329032347278026,0.5182719891744713,0.2241815452468617,0.17420582968715193,0.01753627169145632,-0.4107109284687029,0.395895557099429,-0.16029667217131852,0.4587371731870792,0.1909065044957558,-0.3403726970800093,-0.3105750439092425,0.3729430203613471,0.19520131277426064,0.2627463288677755,0.2960322508089754,0.04363162535006795,0.12040284964354457,-2.7231156194653154
0.005,0.01,5.1160698696352185,1e-05,2187,264,0.8484848484848485,1.8327545472774132,1.8723804599665437,0.039625912689130516,0.9540294978759051,0.8220686291992869,0.8763966774802009,0.5245127073147612,0.9653758162783019,0.4537186858365774,0.66903849707252,0.8513991777150179,0.511467142127805,0.8147320216513367,-0.14940822618830965,0.57923962791854,0.4917975716293673,0.7376622508657263,0.09271064477003714,0.12516478663635397,-0.22296862162987657,0.5849032277066399,0.23852617755648067,0.17611736181693477,0.005945938828939808,-0.45209268805367886,0.3693245763486424,-0.032030044191953135,0.41538991698426436,0.19337284280900255,-0.2519799821161779,-0.2753088515989449,0.42587098528081613,0.1998388433043182,0.2205412967551631,0.32914859573174876,0.08923807748506071,0.14960185827752212,-2.9332157352699597
0.005,0.1,4.3572624276997125,1e-05,1943,264,0.8787878787878788,14.07419314023611,14.106946807260647,0.032753667024536526,0.9285752167545801,0.8014850516463383,0.8584150898859589,0.42292001258312895,0.9407397539690708,0.38854889641641555,0.6145807785887468,0.8630168125582729,0.49227329988044055,0.7496918135440749,-0.08198853247816884,0.7028402013886573,0.43914763296375275,0.6676884374109032,0.14673764465208705,0.0739784457474352,-0.19628888588556856,0.5615377426888635,0.2580409063982791,0.1461692611879685,0.06545973908817806,-0.3739080508770082,0.44044032327444266,-0.1016473202920577,0.43074075498550585,0.2153715688595645,-0.22496869115934007,-0.32805732107966784,0.39381696638723623,0.17747710168430936,0.1546978166456499,0.3257917577266799,0.07180412762931565,0.09187700349017904,-3.0200884871721074
0.005,0.1,4.060315372285118,1e-05,2099,264,0.8181818181818182,14.46130200853696,14.712505997766984,0.2512039892300244,0.9040535967174319,0.7996484446427827,0.8827417496298756,0.3959010968873776,0.9898659307192877,0.4432242785999418,0.6912692232707599,0.9479488009647744,0.5236346569754868,0.7448465825683618,-0.1235321897961481,0.637313852958424,0.4943519017383726,0.5676172854116078,0.15295005701867834,0.11828429273437871,-0.1889349511110103,0.5675084197865511,0.23751369080047943,-0.05957009943947158,0.10939723278753236,-0.3266750755025359,0.3438123438572997,-0.02165154907936447,0.4157758658323075,0.04483170989924881,-0.26269076592215257,-0.14648112217596201,0.43675332211346757,0.10397127030748018,0.2936779395449114,0.4522096892613881,0.2051268080812606,0.2322156178013988,-2.930257838193134
0.005,0.1,4.195174931986768,1e-05,2081,264,0.8333333333333334,13.743319538135392,13.696467990686047,0.04685154744934472,0.9283695652471703,0.7998601458645677,0.8405218534120795,0.4536297026418528,0.9279728414966069,0.48634313215480396,0.6122327541116331,0.8820818789668816,0.5179236244238586,0.8235426578899104,-0.11894661022855231,0.5703695657253951,0.42266031008752203,0.6046639555578227,0.13532104745600884,0.09445792269403216,-0.1923351058954865,0.5561260320685127,0.18938337159377763,0.12598439751392246,0.003932708442079191,-0.43783993742746485,0.31031883791307363,-0.12358891510874673,0.3620594647993931,0.1627030484149435,-0.23474895092161704,-0.2800025749248206,0.3484156441625583,0.2500714600123928,0.1808629287939501,0.3450554560133567,0.04889296350732615,0.08433570793447014,-2.837292022893226
0.005,0.1,4.484380019066635,1e-05,2283,264,0.9090909090909091,13.259803859758312,13.177011277728738,0.08279258202957429,0.9956524524610959,0.7974875989548138,0.824745538736347,0.4191662188111965,0.9042443318633271,0.4953814164960276,0.49807125540675706,0.8347667829310234,0.44725572879737574,0.7584438192227467,-0.13938184765181783,0.49922996394260577,0.3745136516636347,0.6448316039883204,0.05309724034892497,0.12229782060570983,-0.17646906022448308,0.5072064322568957,0.21924675943709612,0.17362530748949884,0.01899341896758415,-0.39332396292737287,0.3867424525125369,-0.15394064171773106,0.44895610292292915,0.18499632989353462,-0.3242610530728765,-0.2963494303313629,0.36692434485502934,0.19352407648816153,0.25736162966519033,0.2919712057524685,0.047440124521826776,0.1229852065802819,-2.653425152433136
0.005,0.1,4.239235333344366,1e-05,2143,264,0.8484848484848485,14.32609283915174,14.364235815022724,0.038142975870984586,0.9287137416336476,0.7991311886231754,0.8577725663035936,0.5111738175105411,0.9437839695201505,0.44303211425317,0.6548750827936374,0.8315101351093266,0.5003141893467143,0.7958838897207603,-0.1431272596755576,0.5676261113352205,0.4802815087164554,0.7204762221292288,0.09195970976116774,0.12456585882951132,-0.21625658530427416,0.5715150981027368,0.23295132299824722,0.17400446229791083,0.007431773903122547,-0.4365460813707162,0.3612720901716593,-0.03046564767116589,0.4066325099834097,0.1877246367391798,-0.24240424679874706,-0.26484188334595127,0.417486150279486,0.1967429529306063,0.21723373927319958,0.3221652140269295,0.09071938027588988,0.14865105351350194,-2.8606500142104516
0.005,0.2,4.215966138763942,1e-05,2151,264,0.8787878787878788,26.462042728648253,26.49746221760505,0.03541948895679781,0.9375683399204944,0.7741567904011809,0.8471786123527729,0.4103672950218573,0.927523029199685,0.3784745187046989,0.6007339809395644,0.8396792180235408,0.47843865693748666,0.7168519173972011,-0.08275492590177119,0.6767964198911713,0.40675223113021897,0.6412647060824236,0.1362184139830088,0.06496725491697677,-0.20086303597398744,0.5321307076782751,0.2394100607670379,0.1154774554857111,0.0662693940140746,-0.4074251363133992,0.4327391965113482,-0.11251194791167435,0.4092060543345168,0.21176968474481067,-0.25602533341690903,-0.35052677612409255,0.3744630437530867,0.14560218424909063,0.15420429792059293,0.28214088829180484,0.05962872289491115,0.04356975393112828,-2.929898504466034
0.005,0.2,3.926074498884637,1e-05,2358,264,0.8181818181818182,27.136070972685605,27.382782184513395,0.24671121182779032,0.9107002070826712,0.7694577914239924,0.8704237357998541,0.38125946698326846,0.9762542620692983,0.4352269921980179,0.6795648481358114,0.931255424988911,0.5105720909242936,0.7090219333013019,-0.12890219143914008,0.6063160202257539,0.4622142386194749,0.5313211377658416,0.14180477901156105,0.1125865082565059,-0.19394630874716834,0.535654377399637,0.21132591792700067,-0.1098632872764399,0.11310174603235344,-0.36097249517202046,0.32559450767948683,-0.027141669075345955,0.38837628855285783,0.026624334839754543,-0.3040706723446952,-0.15828327836340278,0.4180774181457397,0.06457565295023122,0.3008316448951103,0.41053910275014077,0.200083638708441,0.18601519499518326,-2.8410407145886896
0.005,0.2,3.997078374356386,1e-05,2305,264,0.8181818181818182,25.752402279133793,25.708926674640196,0.04347560449359733,0.9358806503913075,0.7706581933515162,0.8277395383438951,0.44231376406498385,0.9144240980929316,0.48099220655331254,0.5995298220784512,0.8568102377345074,0.5068267383015067,0.7898601952635527,-0.11992221527649993,0.532176515016346,0.39230641468035266,0.5738808146351096,0.12911737061275413,0.08546089732554339,-0.19215519386517563,0.5259454664530855,0.17034065677077626,0.09354925323649536,0.00512904283068616,-0.4733283816576556,0.297892855397733,-0.13413868658981223,0.3383188811554441,0.15523594356178191,-0.26185114732484993,-0.2969614826395677,0.329849432845949,0.22578553699815843,0.18674817707621666,0.3039887875007111,0.03922512880154031,0.0351205979805417,-2.7541473445427394
0.005,0.2,4.3400263548546,1e-05,2498,264,0.9090909090909091,24.734379588654193,24.65720992551392,0.07716966314027118,1.000468852410995,0.7662959035503721,0.8105749480791031,0.40800577449524217,0.8877793520619804,0.48688230653584763,0.4805497813376918,0.8051256819418015,0.4316997512779604,0.7230868906168972,-0.1396480260449607,0.45995551427852166,0.34567258326120526,0.6167220565091519,0.04465486844088911,0.11417598874540781,-0.17339696770807203,0.4735123460205119,0.20262072565816786,0.1480097835591,0.02209282060388668,-0.42087916904147965,0.377342557694299,-0.1611618650630699,0.43318915235332756,0.178452234055396,-0.3546001592204839,-0.30870051564723044,0.3477650638598864,0.16602131055739755,0.2656851370186247,0.2492958692974697,0.040267533426213524,0.07944536402317814,-2.5640514878735097
0.005,0.2,4.100649066749025,1e-05,2416,264,0.8484848484848485,26.811043636131284,26.84490047621208,0.03385684008079437,0.9409238930862179,0.7681462866238349,0.8424805691937021,0.501497159016963,0.9317683480730125,0.43790344856685304,0.6438866261172147,0.8001506852053851,0.4846715600142695,0.7571479701166695,-0.1514847305990599,0.525097828698964,0.45136459368778353,0.6933177567991222,0.07891769479929114,0.11556204974658757,-0.21934315356426942,0.5353456033222709,0.2108964949952619,0.137494484608948,0.009097100637697976,-0.4820365787184291,0.3484213941536239,-0.03752370506385004,0.38235586395225646,0.18011370670203972,-0.2780325570256864,-0.2872228145626542,0.3979268850100417,0.16500362052027362,0.2240144644080472,0.27336051099587383,0.07806616480160637,0.09559855920096594,-2.770927311126141
0.005,0.5,4.096270937894483,1e-05,2970,264,0.8787878787878788,55.5156403203399,55.5571461503158,0.04150582997590391,0.9473988324103132,0.6629169237689498,0.8103994337518436,0.36631005858271254,0.8831077944201411,0.3396355732481628,0.5571111864053111,0.7531776390722054,0.43295003996938936,0.597365238635901,-0.07058667486199918,0.5803874525528748,0.3003303875115315,0.5481560531662542,0.11376672744488829,0.04790554699904203,-0.19722082740706434,0.438308155864272,0.18109209270828935,0.03435357398897491,0.07764372619813649,-0.49181687055121875,0.4156747193273358,-0.12818736556628782,0.3443162954174678,0.214585781470087,-0.34746860767389015,-0.3881294462094133,0.3141337249062502,0.06198532604593505,0.15823089286427866,0.14757253351308874,0.02513474041177073,-0.10038699589641706,-2.6279334836410873
0.005,0.5,3.816041414224516,1e-05,3444,264,0.8181818181818182,56.16679838765313,56.4031356628926,0.236337275239471,0.9063937974712696,0.6402094933949264,0.830095834837238,0.32774876631601585,0.925206022732455,0.40301326504477913,0.6408215729508457,0.8603224065425353,0.46689714101891966,0.5719697920965826,-0.12544497252920195,0.49402069939457266,0.3575129850795006,0.4097680123216563,0.12197874680459442,0.10518948602237442,-0.18911804142554242,0.43766906417578144,0.12489459562164426,-0.24446257298275778,0.13876406091724322,-0.43904599553317314,0.2746480880063719,-0.01975346790119051,0.30422793738328335,-0.010616194037006116,-0.4301269315634505,-0.15237944557539818,0.36365091871063665,-0.03584680779690505,0.3281411574984787,0.2769543512201579,0.19208847944082227,0.04132673867294186,-2.525597714533404
0.005,0.5,4.044886397738459,1e-05,3143,264,0.8636363636363636,53.60173285719421,53.564496467011566,0.0372363901826418,0.938391583095401,0.654537332135862,0.7863960938410226,0.4026856981546192,0.8666170487770175,0.4582616385207807,0.5588055403750936,0.7687149706341392,0.4687354507732987,0.6669775863988341,-0.10928663935629129,0.4053950654725794,0.29471094119461066,0.47665853885724074,0.12097396494195511,0.06972943563467646,-0.17732249869354647,0.4362573844736261,0.11584751697155364,0.011923336692417451,0.017040838963453542,-0.5556968310134438,0.2677637148368959,-0.1448942753329468,0.26850108881251206,0.1447385301216615,-0.3327102991767484,-0.3128788820195437,0.2787817213217749,0.16943821857540603,0.2120813739784267,0.18508734478967354,0.017477396398250068,-0.10586245606710258,-2.487893357946815
0.005,0.5,4.163440876865873,1e-05,3270,264,0.8939393939393939,51.01506153267483,50.954695174839664,0.06036635783516431,0.9915437105982686,0.6484533359477589,0.7693895984433161,0.3729072509189859,0.8345499577292467,0.45288654071749435,0.4285389853801347,0.7080761901006861,0.3830920073126675,0.6046512230562517,-0.1269880472919611,0.3374493158310983,0.2590926180183686,0.5282984323533676,0.03009368507732329,0.09795525200340521,-0.15141301287611847,0.37357267422966495,0.15263962253859942,0.08716963844925452,0.03718287142913118,-0.48103346363151256,0.351893961400599,-0.16240210421311096,0.3881301312368023,0.16764441247572603,-0.4340456565893498,-0.31188441691696284,0.2903953008744512,0.09868661394047795,0.2920881057097695,0.12719763433212475,0.02605400978254502,-0.043026201493012325,-2.285692112477578
0.005,0.5,4.098195084243517,1e-05,3429,264,0.8787878787878788,55.22112894473152,55.244842629636814,0.023713684905295906,0.9487558159012152,0.6409160223407139,0.7908043980306665,0.45847283333551647,0.8875868849169191,0.41789789963235113,0.6075576449182125,0.689450969641777,0.43470047401939726,0.6174876980351925,-0.16152553488403312,0.3858004248018505,0.3593256038857093,0.5995904888714656,0.05274932678034977,0.10246955711332191,-0.20713779650289443,0.42522584286043447,0.14437943515749938,0.047341883452411165,0.025784301445852812,-0.5830770334608726,0.3150662065976348,-0.03758967482813713,0.3094345965754007,0.16854844669074806,-0.372249187055308,-0.31082880918098305,0.3375170695929728,0.09504019563520388,0.24922006265340343,0.13576848396201857,0.046467539056775795,-0.05231067444745955,-2.4684875599807343
0.01,0.01,5.240927535261014,1e-05,1039,264,0.8787878787878788,1.800886366727015,1.8369133142340406,0.03602694750702562,0.9675181212604047,0.8222004107760527,0.8799778671635793,0.43190672037992406,0.9646526636217334,0.39701854765521805,0.6259727652923635,0.8823916789623546,0.5017940283019354,0.7608133815135215,-0.08903653301094795,0.715120182574074,0.4393349303154346,0.6790608815080998,0.14488105077506894,0.06897542882140863,-0.20851203085856687,0.5681577771801348,0.25876492531870854,0.13563107962046098,0.06538497784830159,-0.4057363084821787,0.45141614241717776,-0.1120448682753249,0.4342625052107227,0.22268975218207943,-0.2504064809711362,-0.35440795572455647,0.3960491517814968,0.1675375010947316,0.15594722602780986,0.3170808846025989,0.06433680370566748,0.0707710965605385,-3.086695028387959
0.01,0.01,4.881438201359893,1e-05,1098,264,0.8181818181818182,1.8150475595419282,2.0697253625433905,0.25467780300146226,0.9350719465601943,0.8220577469911575,0.9038795204987706,0.4048460582236581,1.014752799857593,0.45470382552027566,0.7069795121179289,0.9749030886031378,0.5359866409126763,0.7601763068778031,-0.1320882697700547,0.6490208311935868,0.5018030794291496,0.575674867372565,0.1532490281136101,0.11836091037906896,-0.19794308880272374,0.5779766174080826,0.2391793660137947,-0.07601564585483775,0.11104501502991222,-0.34776338166807874,0.34849814270222523,-0.024301481177134817,0.42058120271909527,0.042167706466548584,-0.28376673419663706,-0.15677844901227134,0.4431730853695643,0.09641427486071344,0.3008198096108829,0.4578440189112618,0.206058899628261,0.22832316918865397,-3.001936403369115
0.01,0.01,5.106808881760294,1e-05,1096,264,0.8333333333333334,1.7796963285665912,1.7337466949377556,0.04594963362883564,0.963208377179363,0.8220625826462971,0.861107081278042,0.4651673658686153,0.9515697484473689,0.5000821506122629,0.6253607371507721,0.9027082463821122,0.530706181515276,0.8407145155089807,-0.1263750765078385,0.5754393707585449,0.4271415183210909,0.6135920011090202,0.13590339286874725,0.09094099848041569,-0.20021887214456222,0.5645643495544107,0.1890776456847187,0.11807067319272792,0.0016948935253855027,-0.46690737850335123,0.3150606154954094,-0.13277668694370262,0.36480414660696886,0.1669030949548369,-0.2545218155248277,-0.2986548696214933,0.35062955975716076,0.24972469027355387,0.18475504694892014,0.3435731676417352,0.04254442278425455,0.06968635044089741,-2.9044377024050845
0.01,0.01,5.414944481601453,1e-05,1196,264,0.9090909090909091,1.7365933673037386,1.653003033363421,0.08359033394031767,1.0347384190755822,0.821820834731149,0.8445373038891315,0.4301262198326503,0.9276949850881364,0.509910443843453,0.5065025814002964,0.8544339707258226,0.4570863228089971,0.7747511439771736,-0.14813716549895362,0.503224751038542,0.3781926131963956,0.6580615448305152,0.05048128875186966,0.12078114161441697,-0.18424543723216494,0.5151200211229114,0.22249837742207984,0.1702064003568154,0.01764547147135771,-0.4184170766653426,0.3961015496590847,-0.1627942403421472,0.45809146840243353,0.19090931099619388,-0.34818267388777985,-0.3154550376397156,0.37109363989951016,0.19111368841726145,0.26501872818187705,0.2901269836268222,0.04173736982063679,0.1131036937534703,-2.7223131623611736
0.01,0.01,5.116305120262388,1e-05,1117,264,0.8484848484848485,1.832541440538545,1.8717554973749442,0.039214056836399225,0.9608410291769011,0.8220118096860015,0.8776450785452836,0.5256920914321946,0.9676602799360844,0.4550101133718905,0.6700412915049951,0.8505913610982875,0.5112075413823417,0.8126928458901319,-0.15201153478270882,0.575182407202374,0.48961601299616214,0.7369420494131875,0.0907333520275727,0.12380953039427697,-0.2249267444166686,0.5819960441286518,0.2362141473942357,0.17087283459073654,0.005755671118099493,-0.46211955277183286,0.36881246402169704,-0.03359872128980778,0.4133666646924404,0.19314350430804997,-0.2592183646713719,-0.2810281017420164,0.4245073386704409,0.1954170338515705,0.22210498324847897,0.32305234758964063,0.08699367229837683,0.1417397663091699,-2.9335481336424305
0.01,0.1,4.357228376490999,1e-05,975,264,0.8787878787878788,14.075409630512652,14.108300416956011,0.03289078644335852,0.9296616496340229,0.8014023804862593,0.858717868269169,0.4229088891306702,0.9410515090947354,0.3885834657981974,0.6145970640142525,0.8630389129607421,0.4921894298998187,0.7493445486100027,-0.08221302409140967,0.702655312906397,0.43846176571506706,0.6674545774704093,0.14643727986268332,0.07368781774973067,-0.19672859316948935,0.5610775358051286,0.25760753763711586,0.14525101398634793,0.06545111975658134,-0.37538154838258203,0.44048538277107135,-0.1021684735296514,0.430365527450194,0.2153778119789669,-0.22620941378936535,-0.3292014434684622,0.3934834269699514,0.17652834948755025,0.15472238982868952,0.3246573434331112,0.07141079527514078,0.09037461746401419,-3.0197988850975905
0.01,0.1,4.060304844358596,1e-05,1053,264,0.8181818181818182,14.462459456821827,14.713645017237406,0.2511855604155784,0.9049251947996263,0.7995659494361956,0.8830237507011244,0.395846912168529,0.9901963027723434,0.4433702919818294,0.691420855548545,0.9482767800533447,0.5236391922941053,0.7445435923064287,-0.12388908528763368,0.6370238360611632,0.4938434006197639,0.5671121369040804,0.15268103860031673,0.11817573205942832,-0.18932538211785832,0.5670883857216246,0.23697360502018813,-0.06100140488580501,0.10947342721527532,-0.32791809395200944,0.3435110562983616,-0.021893309157044762,0.415325330774454,0.04432249540531746,-0.26402040334389,-0.14704758707785895,0.43652872720989117,0.10293391138761178,0.2940015546054533,0.4514653561647482,0.20506325612292756,0.2311796576778046,-2.930164650564261
0.01,0.1,4.195159516509671,1e-05,1044,264,0.8333333333333334,13.74453676591918,13.697794790269828,0.04674197564935234,0.9293751574615886,0.7997776303746695,0.8407843495092409,0.453699128137383,0.9282829624382678,0.4865974438578683,0.6123044203368843,0.8820955849525294,0.5179775571347679,0.8233100821630548,-0.11918680850160289,0.5697645715976307,0.4220964030937128,0.6042627627551116,0.13516205701719,0.09420022619128546,-0.1925903975479952,0.5556750974143876,0.18891171608127696,0.12506806144775884,0.003872786771079062,-0.4393431040830543,0.31011835050739617,-0.12409641786681627,0.36160857519374057,0.1625590369025486,-0.2358175707685313,-0.2808850801995954,0.34807900935873887,0.24946878658289878,0.18108371757214495,0.3440977967743297,0.048555681511821776,0.08292244319163825,-2.8371348782116295
0.01,0.1,4.484376132827713,1e-05,1145,264,0.9090909090909091,13.260740474025926,13.178053584804395,0.08268688922153089,0.9967250226114907,0.7974053108046552,0.824950218311596,0.4191992828336876,0.9044756953949733,0.4955930823477143,0.4979083052501591,0.8346471373553723,0.44714168138755267,0.7581168411432582,-0.13964636430370475,0.49852262869584213,0.3739484026692395,0.6445697651703253,0.0527977209160043,0.12208876225234219,-0.17665813187051757,0.5066539912498023,0.21891117982908198,0.1729383811789478,0.019003199859897995,-0.39458763599814894,0.3867271413740669,-0.15438610778113804,0.448811262093383,0.18493030869908347,-0.3255235970569489,-0.2971619592018403,0.36662190773224945,0.19280080554792509,0.2577395909393849,0.290950832414659,0.04715981264107267,0.12176998752762457,-2.6531292372454027
0.01,0.1,4.239219975939671,1e-05,1075,264,0.8484848484848485,14.327272949428817,14.365353359753321,0.038080410324504044,0.9297000922242956,0.799048742977152,0.8579738541620426,0.5113444205330049,0.9441124921153189,0.4432311609310382,0.6550243966478182,0.8313796165543793,0.5002494548383584,0.7955699274185374,-0.14352851070330702,0.5670324513197864,0.47989117119556446,0.7203593937478606,0.09162958483297984,0.12437880393922503,-0.2165905405799941,0.5710343346357118,0.2325437360841322,0.17317877841027407,0.007392391938793971,-0.43807265837870757,0.361150029526896,-0.030737488928588307,0.40628770669731146,0.18761889114933555,-0.2435096877788465,-0.2657266818482828,0.4172715835388116,0.19600941682679585,0.2174866255676611,0.32116969471091605,0.09041349879015084,0.14742647120655028,-2.860566540270479
0.01,0.2,4.2159428473525775,1e-05,1078,264,0.8787878787878788,26.464300034987488,26.49980961258845,0.03550957760096196,0.9382654622784994,0.7740422286537579,0.8473855304323308,0.41034636920431233,0.9277328041027401,0.3784864824286355,0.6007500610544753,0.8396563402958402,0.47837898685071595,0.7165775538207741,-0.08287155418143018,0.6766320576108071,0.40627714924740926,0.641080714400472,0.13604256298832762,0.06479227684457176,-0.20111995376820227,0.5318153057147854,0.23911636357866203,0.11488464062386829,0.06628664011839555,-0.4083761604432313,0.43279014329048404,-0.1128346941236522,0.4089611599311189,0.21180183221850454,-0.2568503022076207,-0.3512334162908705,0.374245727607614,0.14498677704986632,0.1542411173094351,0.2813693313011627,0.059380179943030256,0.04256053558703501,-2.929670297085277
0.01,0.2,3.92605860506367,1e-05,1182,264,0.8181818181818182,27.138233098536165,27.384946443722306,0.24671334518614074,0.9113407829110911,0.7693212280678668,0.8706404407755254,0.3811908680695384,0.9764968256309617,0.4353209073464342,0.6796777351733023,0.931462849980599,0.5105768083872169,0.7087184567272027,-0.12913705927122998,0.6060367919988838,0.4618040130853156,0.5308895671127892,0.14163251599524695,0.11251728314430967,-0.1942033608393019,0.5353226692950902,0.21089705856326468,-0.11095533236756618,0.11319518449206334,-0.3618946679315276,0.3253788602598527,-0.027289569726367233,0.3880264952751557,0.026261451652767116,-0.30511570093595203,-0.1586437272257832,0.41791132929416985,0.06379701767166022,0.30110605573829174,0.40993519913885323,0.20005408254183868,0.18518491665282244,-2.840882765229159
0.01,0.2,3.9970668051715155,1e-05,1155,264,0.8181818181818182,25.754636485621777,25.711227113484515,0.043409372137261926,0.9365274058262893,0.7705440980074485,0.8279217080440323,0.44234768817998876,0.9146309771571927,0.4811546519136803,0.5995811322214877,0.8567891789999174,0.5068590840972703,0.7896529607540208,-0.12005314801982392,0.5317377910396467,0.3919136893631878,0.5735976296152938,0.1290399109338064,0.08530938909592019,-0.19229566123564232,0.5256451106477432,0.17003085227728437,0.09295933004272709,0.005110283835229187,-0.47429654918463393,0.29778073028701807,-0.13444759007488466,0.3380238324359578,0.1551604959356985,-0.26254961309981206,-0.2974892489005848,0.3296418457719815,0.2254059136178959,0.18692753142213328,0.30334191685103185,0.039023601737476425,0.03417146874010069,-2.7540564829135334
0.01,0.2,4.3400215452386615,1e-05,1251,264,0.9090909090909091,24.736094029371863,24.658985412965464,0.07710861640639877,1.0010243516348132,0.766204925847552,0.810703569598034,0.408022041029869,0.8879110339797407,0.4869914087225165,0.4804692387653856,0.8050478542669367,0.431635063793862,0.7228870921194175,-0.13977336219301761,0.45955902966597556,0.3453602803203868,0.6165736963422943,0.04450755376034033,0.11407388932248032,-0.17348491252644124,0.47320775699048084,0.20242922698528867,0.14765291906325087,0.02210925585283907,-0.42154312185382026,0.3773394413792356,-0.16138519022545358,0.4331173132497214,0.17842103043079663,-0.3552803625610279,-0.3090975848434501,0.3476070171621007,0.16563567825193926,0.265909788156281,0.2487281873651418,0.04013797954283501,0.07877773101360928,-2.5638974826607197
0.01,0.2,4.15688109897532,1e-05,1211,264,0.8636363636363636,26.81318984464874,26.84700750051164,0.033817655862900864,0.941666649067056,0.7680099367657408,0.8426277384263219,0.501595049515436,0.9320226879839013,0.438054537441762,0.6440021085353491,0.7999901437456071,0.4846179471306988,0.7568269348348313,-0.15177227235512092,0.5245739949000995,0.45104805582308366,0.6931877233850077,0.0786914136604999,0.11543206632946736,-0.21955427665229188,0.5349548953294013,0.21057765455938415,0.13686961805337702,0.009101497873880624,-0.48318972595066184,0.3483471236507572,-0.037699559277651055,0.3820874478460689,0.18006347122369817,-0.27889359743036507,-0.28784047048636174,0.3977545069833959,0.16447087617750095,0.22424093832015402,0.27257573811046676,0.07783532187746384,0.09462699193114976,-2.770817854066038
0.01,0.5,4.096257585762355,1e-05,1487,264,0.8787878787878788,55.51947368947775,55.56102649279818,0.04155280332042821,0.9477456977607714,0.6627166409408071,0.8105298691077488,0.36627841487730567,0.8832336090854804,0.33960950013280616,0.5571269238228024,0.7530970227003239,0.4329086271083249,0.5971143541914756,-0.07057900294477891,0.5802105067327058,0.30001806269519404,0.5479958053790109,0.11372329945038533,0.04785975883037546,-0.19727960736656883,0.43811722677180587,0.18091658584538606,0.0340813267074902,0.07770315885832389,-0.49228654721765475,0.41575572173125014,-0.12828246481322508,0.34418927240354075,0.2146991918401225,-0.3479443559863576,-0.38838019307510435,0.31400689476565313,0.06170627748697048,0.15827984912838716,0.14711658922359958,0.02499896575542189,-0.10096592995788388,-2.627754651156067
0.01,0.5,3.816020225385187,1e-05,1725,264,0.8181818181818182,56.170345639248964,56.406709721463045,0.2363640822140809,0.906701358994102,0.6399211309170199,0.830249304044453,0.32766282883279746,0.9253348806641691,0.40304533148057237,0.6408932872257443,0.860374369960211,0.4668973247101011,0.571621037398177,-0.12548406727717537,0.4937419172902915,0.3572184911716948,0.4094354360107577,0.1219626979443194,0.10520648315631982,-0.18916544546866376,0.4374780748370684,0.12457933157519605,-0.24505811803284588,0.1389128456830774,-0.43949089517221185,0.27454500023893186,-0.01968561667312221,0.3040114114387149,-0.010720431326104778,-0.43083239198530665,-0.15234175277634773,0.3635696959433306,-0.03621585733680303,0.3283503375634042,0.2765442758188907,0.19210896715039347,0.04076563361834555,-2.525353790621258
0.01,0.5,4.044879381793832,1e-05,1574,264,0.8636363636363636,53.60530500594314,53.56809859560405,0.037206410339088336,0.938790662725137,0.6542911599698211,0.7865345135819695,0.4026852212490546,0.8667470190689882,0.45835256404711383,0.558836421900567,0.7686361087109,0.4687457216926209,0.6666895174037227,-0.10929953808345363,0.40498164604011,0.2943833096803298,0.4764237724846093,0.12099307880214458,0.06968364019833034,-0.17733113244012066,0.43605618128598944,0.11564230901112915,0.01159041323174193,0.01707791207255059,-0.5562797841072833,0.2677414485189104,-0.144983720258184,0.2682992170901105,0.14478729263457782,-0.33317874556538724,-0.3130440336212312,0.27866065299815207,0.16928441464571684,0.212265218812052,0.18464421162575118,0.017359182070830988,-0.106537286203818,-2.4878170093197944
0.01,0.5,4.16343955289808,1e-05,1637,264,0.8939393939393939,51.01777252788053,50.9574583840605,0.06031414382002964,0.9918856288474024,0.6482568971055085,0.7695024110171798,0.37291434948334157,0.8346410225580733,0.4529266641733325,0.4284750115755042,0.7079656863925667,0.3830373098340842,0.6044191279476208,-0.12701096086242947,0.33709218713954264,0.2588459255437068,0.5281544360750525,0.030044192331047954,0.09791229985200062,-0.1514045829401838,0.37333942691445837,0.15249575732593765,0.08697675175684302,0.03722822622262284,-0.48144550138794234,0.35191772162521145,-0.16245832583203285,0.38809352650381435,0.16768812708150532,-0.4345374986410461,-0.31201098303798624,0.29026531351602647,0.09847085172018945,0.2922755475942031,0.12677955859716097,0.02598129019724545,-0.04352382952236011,-2.285556677101844
0.01,0.5,4.098187599542433,1e-05,1717,264,0.8787878787878788,55.22440552713199,55.24810797087364,0.023702443741647983,0.9491156475665139,0.6406744777591455,0.7908915134767733,0.45847637070961067,0.8877345919243799,0.41798849284229417,0.6076313255498313,0.689284196200883,0.4346667745457271,0.6171791131521397,-0.16163837583483273,0.38541360070511693,0.3591126969222084,0.5994653385024481,0.05268173102091595,0.10246510143162353,-0.20715854572596143,0.4249908806016505,0.14418384278054783,0.04706058791685148,0.025846564085550344,-0.5836345417984782,0.31506152194361586,-0.037580190780622684,0.309276794067585,0.16859844748966657,-0.3727409931953229,-0.310988795917487,0.3374063674918421,0.09485638983963611,0.24939109100234474,0.13533560428346683,0.04634474728189357,-0.052864512984197226,-2.468357939727447
0.001,0.01,5.278317958790028,1e-06,12877,264,0.8636363636363636,1.6099311559524607,1.5780894472565279,0.031841708695932835,1.0623616831887932,0.30665453529232534,0.6197278654348841,0.4453106755837972,0.6880613618260024,0.567884048834744,0.7738856729495076,1.038817310619708,-0.03742046557186163,0.8385339905985574,0.1715607068158207,0.5284695883180545,-0.282598834758796,0.281507091420884,0.19118263750607134,0.29224409046164723,0.24403996416954368,0.6142902213545421,0.10491769321909039,0.13315864155811952,0.5015200023453795,-0.4169283073338974,0.4669467027644875,0.1783956309932573,-0.0034921189415216434,0.04969174345043938,-0.026761540845015478,0.14286720594924018,0.32169201168158557,0.11035541002281894,0.13954068944396322,-0.29398547618483706,0.5213875440804867,-0.21869553727449112,-2.6282994787631138
0.001,0.01,5.197480826242095,1e-06,10498,264,0.8636363636363636,1.7126291881760598,1.7856727039363878,0.07304351576032797,1.039441175645073,0.306869178390846,0.5562419352146176,0.35913571137660383,0.6388765959387147,0.7308008443644387,0.7854433859350929,1.1084901341483437,-0.013795605362735682,0.8672074357728504,0.2141665308279312,0.6330257756547781,-0.2895833623357718,0.2609840315497528,0.17843906816408328,0.3091586157492099,0.31523776409529114,0.7592888766483665,0.14407249594475385,0.12599373383556944,0.5100370176022619,-0.40494331949802903,0.4742784379450205,0.20444249736208403,-0.023058014836952793,0.09808497291804617,-0.0018295832034439245,0.316620008241405,0.361416891231081,0.07337288319941568,0.15602960786601763,-0.2198331213531966,0.5209720263865255,-0.13836240290939472,-2.756766892773586
0.001,0.01,5.4390591395387755,1e-06,11409,264,0.9090909090909091,1.6761492006402732,1.588366867089459,0.0877823335508141,1.0657000097859284,0.3067869665045419,0.5664126309203387,0.4894847518141871,0.7005987629352589,0.6125196740644611,0.7816699177453573,0.9544747220762602,-0.04975163172110353,0.9070905779734264,0.17533586507105886,0.5226165035004959,-0.2638980020163873,0.3112234657065359,0.13807926302488674,0.18994062734281048,0.27814611816717705,0.69508556863975,0.09802401352861961,0.22993248041978748,0.4844469197048288,-0.3865251620272312,0.5206984501500549,0.17737534621115394,0.006562056021262659,0.12455962620094002,-0.029654433600571656,0.22895505402183236,0.3162553546705683,0.1711581420970397,0.19427022329545285,-0.36614923389883375,0.5276219754688963,-0.28951730533906833,-2.7240965084267614
0.001,0.01,5.1166896644423385,1e-06,11629,264,0.8333333333333334,1.6765950845820867,1.7091118836273598,0.03251679904527305,1.1229842444595333,0.3067671162224828,0.5894190190139534,0.410620784854134,0.719708798171801,0.6465876145966213,0.8164133939234791,1.0507800188992518,-0.007905534791659518,0.8375247831779754,0.17233467969831143,0.5628149376460795,-0.25586466076056497,0.37140430917188805,0.11109182796633195,0.2646564156036605,0.320219515923186,0.634125943052361,0.08816382110428668,0.15285153737332544,0.4438194643612896,-0.3595340374377946,0.4623295865493642,0.24189408644710025,0.01702456614050282,0.12882900908928502,0.0013670318195294177,0.338420744855612,0.3904041279245355,0.12546621826999554,0.1461763705581767,-0.2979611011817195,0.42948849565733876,-0.23208578642372008,-2.7699782301112785
0.001,0.01,4.859602320729097,1e-06,10564,264,0.7878787878787878,1.6863027358310627,1.8767023181236206,0.19039958229255793,1.0575170230084612,0.3068632215755,0.5162180877810123,0.4665972526373489,0.7205264483481342,0.6509123265742417,0.8592002401879408,1.1259231969901249,-0.1076043099903878,0.6948223792996912,0.2016402645519729,0.5458968162452611,-0.224037073777519,0.2896767275168393,0.20161230639286112,0.3905899895743714,0.3100472371527004,0.6544139604830763,-0.004211332007716632,0.17314801021454487,0.5948213201494319,-0.459542756547153,0.5586983782328722,0.038675988864933904,-0.085914455391256,0.12495698937253578,0.09166797506834841,0.11659009975226162,0.4030154459088467,0.13828965105705537,0.12488642952256046,-0.26954585687480503,0.5812008626489042,-0.08218256930830048,-2.6566655532039185
0.001,0.1,4.343271134988965,1e-06,12036,264,0.8636363636363636,12.093136492331448,12.063491606397587,0.02964488593386072,1.0166693723461442,0.2971119854737548,0.5942645342983787,0.431156927501115,0.66382396022835,0.5550417471475546,0.7540798797477448,1.0108826819482053,-0.03887351161749245,0.8223415358606065,0.17493215038113122,0.526089495803688,-0.2671412093359284,0.27873365373944453,0.19126170671578244,0.29195457481245946,0.24477672321253607,0.6074432822189619,0.10396084208714684,0.1450824674691231,0.4904096336476221,-0.38311188532367385,0.4585818591418755,0.18114798810117758,-0.00048489373606485487,0.055863913695549564,-0.001006818241010546,0.1581134828400132,0.32197024044497213,0.1202252830072643,0.13649952424299167,-0.26894470180710833,0.518189422459534,-0.19401719207583715,-2.5487091414800993
0.001,0.1,4.313653115707558,1e-06,9477,264,0.8636363636363636,13.167351102351898,13.237105087131184,0.06975398477928607,0.9921478390658258,0.29935662992382267,0.5283292264639022,0.3515386330733381,0.6137536336266378,0.7071443284355082,0.7666824495569842,1.0760565533825899,-0.020860747249453932,0.8547981715050266,0.22001371488659785,0.6283004535400776,-0.2741891975086703,0.2605571359348146,0.183167823188048,0.3154493133914595,0.31866976034921896,0.7516547132004564,0.1449845613750158,0.15170167245287172,0.5033603675007331,-0.35614398113519175,0.4708284052945432,0.2140846233403917,-0.017664280251922935,0.11441373188319483,0.03803130158375904,0.33737966386388474,0.36249215392407586,0.0997507357039605,0.14868103839686933,-0.1892340378604401,0.5228714928337433,-0.10559771309364047,-2.6854616237872135
0.001,0.1,4.496813089151652,1e-06,10439,264,0.9090909090909091,12.62738332548538,12.537762691922392,0.089620633562987,1.0158262184572275,0.29851082264224066,0.5422558753340879,0.47348973610618617,0.6735368889360109,0.5978214440122245,0.7642746264510719,0.9355035013581322,-0.053361622541575046,0.8889137045911257,0.1823789978724249,0.5258504869124596,-0.24776235385865403,0.30648994078969366,0.1451968581678332,0.2030052814068515,0.281827119772019,0.6870842862435552,0.10076979741988913,0.24024004240314048,0.4765943025222769,-0.34658888936148907,0.511720287406242,0.18487384531052214,0.00891206779269754,0.12856518265357553,0.00723872734945722,0.2480907329449619,0.31940444057706047,0.18352377323700614,0.18550175282930254,-0.33020500860063323,0.5290700702730968,-0.2514842237832266,-2.6522624504679646
0.001,0.1,4.2137402185910755,1e-06,10703,264,0.8333333333333334,12.802108244327021,12.83557403515981,0.03346579083278911,1.0709664886916739,0.29827912739137497,0.5642111293123002,0.3996496594868932,0.6925131481191114,0.6295277153585861,0.7934000492977638,1.0258431609854017,-0.013268102636397635,0.8243628993475317,0.17857890443346916,0.5612548223131519,-0.24304089041736324,0.3615236836308234,0.11770498174378762,0.2716403415319505,0.3193147407522854,0.6309882283819701,0.09106020500470756,0.16784434622009947,0.437194609465495,-0.32319434417843873,0.45742559514795106,0.24407767011123505,0.019696903371388467,0.1325091606154549,0.032051926953756874,0.3493383281692985,0.387136828834662,0.13950758607214012,0.14187261666090145,-0.26808802685041033,0.4360107821423931,-0.1987809023463495,-2.690872797649711
0.001,0.1,4.00732276294742,1e-06,9542,264,0.7878787878787878,13.145553447658731,13.326533101498613,0.18097965383988246,1.0066906987175084,0.2992994053658815,0.4939566385587414,0.4502309077984286,0.6901744202000283,0.6342028633423661,0.8363664657217147,1.093087544278445,-0.1068090113484403,0.6965042836669532,0.20870402299386906,0.547966164937656,-0.20815560859495028,0.286693290983894,0.20842463606612366,0.3869513876710804,0.316693755708626,0.6535912136156923,0.011040390446058444,0.19164114487670703,0.5838109112768036,-0.4063469866596466,0.5515209133237626,0.061353993591140625,-0.07094372613811466,0.13406992884366073,0.1241446439810647,0.152671930694984,0.4029766179703121,0.15813304396368116,0.1256060775118537,-0.2368305781669627,0.5822037695436769,-0.05737552628861903,-2.5888557107190633
0.001,0.2,4.136202379291141,1e-06,12924,264,0.8484848484848485,22.507995456096516,22.481087928518644,0.026907527577872514,1.0098200643034259,0.28528407044264265,0.6025264900136401,0.42129567852507116,0.6647324148443035,0.5340394476108927,0.7350869981307249,0.9782582080832016,-0.024011162861325142,0.784170473524778,0.15853285540876588,0.4931191154964153,-0.2618048252342521,0.26865216085059523,0.1809496402806459,0.2749907458265042,0.22202462219822527,0.5703188263157063,0.09799579680374752,0.1169836349790658,0.4733168640443806,-0.4038538873419867,0.4401469289376856,0.16374185520079226,0.0030778187342920473,0.04251800348837923,-0.04206837679283863,0.1223896182585759,0.30432785567209564,0.09810745668462446,0.14239810177793127,-0.281903149126887,0.49037229589289083,-0.2131839755111349,-2.473390175696241
0.001,0.2,4.16854185911195,1e-06,10248,264,0.8636363636363636,24.763951578728584,24.831498760690984,0.06754718196240006,0.9899519932102154,0.2898103214489872,0.5371070252580218,0.3419399675680871,0.6155533953076617,0.6953046128511597,0.7510251884255866,1.0540089550357912,-0.0070934198350621844,0.8250233155714108,0.20574037826493166,0.6034787332945701,-0.27159946833699483,0.25141337048115653,0.17154614841538038,0.2970769575666021,0.2982272422246612,0.7205931461892688,0.1369834274520803,0.11959646262078728,0.4858827039296318,-0.38396453471381636,0.45266664382703087,0.194622022988794,-0.01741486501640448,0.09349240557773626,-0.002726717031847556,0.3015709018530406,0.34804682253453906,0.06962226829770672,0.1550313855230465,-0.2067556639150523,0.4981920604745224,-0.12942136872658744,-2.6226745832522367
0.001,0.2,4.347609118319323,1e-06,11210,264,0.9090909090909091,23.629026562243062,23.54170635297833,0.08732020926473183,1.012219934525375,0.28817496264047826,0.5471024585112501,0.46567994605390334,0.6741084760145979,0.580488776544276,0.7452858308240108,0.9058838218885094,-0.04051841230286492,0.8576989218774201,0.16687357677959969,0.49486090535701277,-0.24474383232130342,0.2992843722494573,0.13233984201498536,0.1819213269615445,0.2601145576980689,0.65596774208977,0.09275104960206479,0.2165240072346631,0.45838458589236536,-0.3693866660591798,0.494359848485524,0.16669306785244536,0.01132308726267623,0.11607878762131678,-0.032317872364286127,0.21391946676485082,0.30310368800097875,0.16013342469809455,0.19070688972672759,-0.3468973631493062,0.5014088290551592,-0.27459885090340025,-2.581443166551648
0.001,0.2,4.122781880264147,1e-06,11564,264,0.8484848484848485,23.957636887495536,23.98828374258538,0.030646855089845104,1.0702239767304305,0.2875755032559544,0.5718443868675547,0.3892139680127851,0.6949105793480311,0.6119482205615758,0.7779751334844591,0.9957858947016526,0.0021982725999799666,0.7884466737201329,0.16326502875801172,0.5304772637887647,-0.23792853483726673,0.35630947609231495,0.10441822476075599,0.25058937978891,0.2982727354555095,0.5940460367176497,0.08230245731246094,0.13906352178120493,0.41907901078201276,-0.3471418965728239,0.43813807318749887,0.22645568696107138,0.02136640396121271,0.11929468388257022,-0.008603524008153096,0.3152952394576658,0.37219517768019783,0.11400283006178633,0.1476441396610893,-0.28474278959822846,0.4051568353852698,-0.22418318009945365,-2.6247000611467954
0.001,0.2,3.862027935243751,1e-06,10183,264,0.7878787878787878,24.749349598661617,24.93277768985944,0.18342809119782189,1.0028161068798378,0.2899211527907462,0.49722557555288344,0.4432976697855537,0.6905871425801856,0.6193783280234723,0.8209536213104203,1.0707519111539823,-0.0979190401764186,0.6636551183695881,0.19416530836317256,0.5231798787700302,-0.20763596654644878,0.28033351041587434,0.19538497477473094,0.37443542435972227,0.29504993199618457,0.6235736173001485,-0.0020832530065337846,0.1681449313987189,0.5666556622508923,-0.42946688093989427,0.5333503268490528,0.04031726289812518,-0.07564529575948066,0.12015571194094594,0.09090446289332593,0.11648490499040465,0.38823606414745954,0.13458251502070845,0.12568970810867577,-0.2505432736184627,0.5572007647261051,-0.07387661213620607,-2.5238485062531666
0.001,0.5,4.122604944014801,1e-06,15000,264,0.8787878787878788,46.57243387616467,46.555891097985146,0.016542778179527318,0.9600922636092977,0.24688417955678368,0.6119245969727923,0.3867657738474638,0.6561187337700164,0.4711903090681386,0.6754651876020317,0.8749872631792657,0.017314457973429977,0.6731385177612448,0.11983351933178793,0.405686041432721,-0.2332154611535183,0.24385427812781382,0.15830164950715378,0.2351240689528211,0.16508369176841872,0.4737374463239437,0.08511422452950958,0.058636679237002914,0.4243011886682633,-0.4284696813884897,0.39149606286186894,0.12596005179901637,0.018891305345073342,0.020452559115812115,-0.13260619418551828,0.04882066185929867,0.26172733867362,0.05565880757380928,0.1584968752456338,-0.29120829899503653,0.41704594066592765,-0.24059898668555438,-2.2355425428602667
0.001,0.5,4.159268742679191,1e-06,13182,264,0.8939393939393939,52.506509915679054,52.565418921916454,0.05890900623739981,0.9694934480855633,0.25357377559565414,0.568941278547718,0.3082227182327164,0.6246885894406223,0.6483855694978853,0.6960260904245359,0.9704969545132279,0.04563686832161566,0.7187549483766787,0.16315727736681923,0.5160425259427841,-0.2491848788616887,0.2246145516633039,0.14145555902658097,0.24103173473755513,0.23346718965055974,0.617537508786311,0.11381129248880492,0.02690294026964539,0.4277052620790813,-0.4554856554951991,0.3986639688309658,0.14095822492481513,-0.00840475342310885,0.03775504709034447,-0.13438346736546494,0.19875068937486184,0.3035609257296577,-0.013846401220402428,0.17906883234578289,-0.2476987783478322,0.41469867045755904,-0.195970653969068,-2.4157494409822546
0.001,0.5,4.28045517257463,1e-06,13966,264,0.9242424242424242,49.589878644479484,49.50985804250264,0.08002060197684102,0.9869343461787075,0.25066698673291077,0.5628922212704854,0.4377000344981886,0.6767277562017947,0.5202950255489475,0.6820308379729091,0.8073374136359713,0.006528263259121221,0.7493028381355148,0.12160841602301506,0.393734814770613,-0.2221353250848673,0.2802955358249257,0.09951227033388096,0.12290461031188746,0.19308117600464583,0.5584149004670457,0.07147490450164266,0.15377987936742196,0.39971233388469823,-0.4247083028054618,0.4418038964296902,0.11894383444370776,0.02660789761901675,0.08931846936767388,-0.152038054157342,0.12086154187291809,0.25502539339995883,0.09839050826633967,0.20695379366985375,-0.38057516692738236,0.41160968935410186,-0.3313039441268057,-2.3500575409778928
0.001,0.5,4.054832535801572,1e-06,14576,264,0.8636363636363636,50.13240940259952,50.15716156517263,0.024752162573108194,1.0496041673558767,0.2484283957016435,0.594227886542874,0.3519804124633063,0.7015010276544598,0.5501828792954178,0.7240798785746938,0.8922498145860248,0.0565605295568485,0.6651487058288654,0.120746671904487,0.43042935408813215,-0.20880283747515052,0.34187721347647326,0.07074388215720602,0.19111036453128585,0.23253329715915821,0.47991784321905834,0.05880081345216829,0.06297224707847199,0.36179066276212946,-0.40183655487918424,0.381311845442407,0.18026134959354656,0.033617132389806605,0.09346045531412059,-0.12869836063372572,0.22416868341497023,0.32757698714198186,0.05054318359175973,0.1685352045024206,-0.3147816171249503,0.308851318208609,-0.28695658050838874,-2.406418630317614
0.001,0.5,3.7907004058668075,1e-06,12647,264,0.803030303030303,52.683933092478334,52.871407284693106,0.18747419221477202,0.9827586688847663,0.2555766880652132,0.5121689151721218,0.4180153753754593,0.6969596610400608,0.56600423440717,0.7701140896846762,0.9897069898331087,-0.060484312150292825,0.5498550271561713,0.15066852178658374,0.4389236420808534,-0.19507470275432498,0.26401233302356664,0.1607211139841887,0.3362477873451756,0.227536576578679,0.5271814856162997,-0.03984254390040816,0.10200086901283502,0.5110227123949441,-0.4909669650370216,0.47747802179147925,-0.01894788078573935,-0.08427774368583384,0.08593568419448584,-0.016612073099822742,0.009926738870293255,0.3435380567118904,0.06822817036861055,0.12975134346939954,-0.282151185339414,0.4734286158388055,-0.12033464640446007,-2.3120276795955728
0.005,0.01,5.278328391176536,1e-06,2615,264,0.8636363636363636,1.609879270425115,1.5780679927892072,0.03181127763590785,1.0674705349227527,0.3066366769989717,0.6237919220098164,0.44605086095507596,0.6912089149131188,0.5673396641952129,0.7743921522421221,1.0389045455229091,-0.03569721327039611,0.8365642897380765,0.16940401138292976,0.5252776606331264,-0.28400779910401247,0.28080297179403096,0.19009417036552148,0.2904924699613248,0.24159014261622336,0.6112817988471451,0.10444301504640403,0.1287504666134791,0.5011426137191123,-0.42332779272521726,0.4660991155235153,0.17624625549017253,-0.0034944569796175255,0.04757753827234361,-0.03431874005939819,0.1372529859414717,0.31981348279840943,0.1068570066335479,0.1405188237274284,-0.2984924688232971,0.51885823373342,-0.2237963456251563,-2.6304616443602225
0.005,0.01,5.197427572574907,1e-06,2128,264,0.8636363636363636,1.7126190703980964,1.7857784935287118,0.07315942313061541,1.0433492595487261,0.306856361790741,0.5592749890656388,0.359109566508192,0.6411886124025926,0.7320189454038903,0.7859815266118135,1.1097275291679576,-0.012205352093434485,0.8661938714895772,0.2127151119474046,0.6316747505528107,-0.29065512090478274,0.26041073384980434,0.17730455804649817,0.30734890850270197,0.31360137975574703,0.7578332433021635,0.14349484512551625,0.12167802087009304,0.5094376344029267,-0.4109360330921654,0.47340818955592984,0.20233718757732927,-0.02345954327396764,0.09531760037820503,-0.008050652263150925,0.3124867724084107,0.3603616361230468,0.06915169037714534,0.1570969725839381,-0.22359882466942751,0.5190926562441248,-0.14276291639565103,-2.7586863985766295
0.005,0.01,5.438993040565243,1e-06,2313,264,0.9090909090909091,1.6761202289164343,1.5886936447164355,0.08742658419999882,1.0702847158327753,0.30677289010370257,0.5691415446716109,0.49040214814221145,0.703287097663783,0.612577500610483,0.7818517069884189,0.9539424281842399,-0.048356943592777826,0.9063442391720878,0.17343302561685933,0.5198041978162259,-0.26519254240832063,0.3111448450635368,0.13641249754091234,0.18700805688691358,0.27610254930505473,0.6934285754614447,0.09716008198302872,0.2271569432130834,0.48378554332979967,-0.3921196040159802,0.5202411533792166,0.17527186425936733,0.006554983454279911,0.12329250722986913,-0.03637405186421252,0.22448976314546676,0.31466857389554054,0.16819795138989596,0.19551721959472587,-0.3708992252681418,0.5252633534998372,-0.2949817398571654,-2.7254766194795317
0.005,0.01,5.116844323433554,1e-06,2360,264,0.8333333333333334,1.6765600792532376,1.7087435643549473,0.03218348510170976,1.1284150329658642,0.30675168740051556,0.5927076603929379,0.41084875052024705,0.7227693785567398,0.6468952403749716,0.817522875123856,1.0507892172464328,-0.006011956285905972,0.8358111462696889,0.1703749373695513,0.5603020446349853,-0.25675343562479574,0.37201923454443875,0.10929709563496506,0.2621063349716424,0.3185451292327362,0.6313200141907649,0.08714216781042615,0.14889323504321494,0.4429881998741205,-0.365330800374611,0.46123904870526194,0.24018601340031845,0.016893352773813222,0.12741155591686254,-0.005319441305886647,0.3344344489823361,0.38949448852792995,0.12189319710685245,0.14711572804617548,-0.3024868194147596,0.42615491161349073,-0.23773073708735792,-2.7726911885282144
0.005,0.01,4.859000594301106,1e-06,2137,264,0.7878787878787878,1.6862953426104523,1.8775517371708075,0.19125639456035515,1.0612201998996984,0.30685230048043094,0.5181713752779681,0.4674126480541947,0.7229493329934419,0.6512788789065176,0.8600128080826326,1.1270154069905083,-0.10705782689552883,0.6925908897596518,0.20020519519179567,0.5441443863584567,-0.22519355518083453,0.28955312943348,0.20030926390587478,0.39010309035124163,0.308211100677685,0.6526121092245846,-0.006188051845063606,0.17034429057732503,0.5946035978732429,-0.46502957752390617,0.5581534894463505,0.035640545065310045,-0.08734141627026772,0.12346549137122176,0.08707045355444581,0.11159433914976587,0.4021340876829481,0.13536045958493947,0.12483180295342193,-0.2728735507295287,0.579537433577526,-0.08508900781689811,-2.657831874286304
0.005,0.1,4.343256601372608,1e-06,2413,264,0.8636363636363636,12.093755844642853,12.064110291315702,0.029645553327151575,1.0173894360113283,0.2970865825988696,0.594887431394777,0.43126483696967943,0.6642940338532763,0.5549487750580173,0.7541353536708386,1.0108734223698412,-0.03860856638497047,0.8220414583207942,0.1745763672231685,0.5256266009695097,-0.2673628418615084,0.2786334617598999,0.19105631240079352,0.2916768192648055,0.2443371052653255,0.6069276051269218,0.10382781223860418,0.1443509886189045,0.4903045744421233,-0.3841307704542236,0.458391602142063,0.1807601513274242,-0.0004983418502471736,0.05545858039196055,-0.002171393808615884,0.15717166436442476,0.32167783627237234,0.11961301773243742,0.1366635772756814,-0.2696652215716878,0.5178062719258807,-0.1948245547428312,-2.5488979242868073
0.005,0.1,4.313633729836441,1e-06,1900,264,0.8636363636363636,13.16808785901284,13.237869229163696,0.0697813701508565,0.9927918415283341,0.2993363307839629,0.5288555376615601,0.3515375239199184,0.6141402094996771,0.7073572989915548,0.7667522700331615,1.0762582572744626,-0.020603463748200216,0.8546407653731058,0.2197151361029861,0.6281024859655057,-0.2744283901699901,0.26046906010660303,0.18289926268583653,0.31514321670907264,0.318299504300168,0.751356569521091,0.14481670680270167,0.15088793526563812,0.5032060702328524,-0.35723756265118406,0.4706017770638598,0.21365555828150531,-0.017750807474321298,0.1138750744449911,0.0369359677192768,0.33657920013487863,0.36229710385457226,0.09894649779473726,0.14887798745053116,-0.18991339313200817,0.5225482403920794,-0.10637955611715175,-2.685611735110338
0.005,0.1,4.49680873091725,1e-06,2093,264,0.9090909090909091,12.628010000106347,12.538449809991077,0.08956019011526983,1.0165779617747137,0.29848794213977514,0.5427472759484729,0.47365322326024745,0.673996737499952,0.5978272295805007,0.7642879733718074,0.9353966451395442,-0.0531290725819706,0.8887817236021315,0.18200681659239162,0.5253824816957468,-0.24801186655254776,0.3064778685765498,0.14485008639058305,0.20248786092564933,0.28139421064075265,0.6867318817049419,0.10056212598713125,0.2396647912388889,0.47642536048305695,-0.34763306860863546,0.5115702866913985,0.18443175690461397,0.008896538891986324,0.12824772943308949,0.006044884117306616,0.24720760743381,0.3191164272007697,0.18291763369714964,0.18573369765203795,-0.33107653856725855,0.5286610851212292,-0.25247407172579267,-2.6523667292675057
0.005,0.1,4.213732095686042,1e-06,2146,264,0.8333333333333334,12.80275669086662,12.8361577138057,0.033401022939081315,1.0718138775048986,0.2982553860563198,0.5647707009314137,0.3996918391608882,0.6930203676695414,0.6295690770079853,0.793550256284912,1.0258356741302712,-0.01295991195002369,0.8240816699039584,0.17821965268269893,0.5608605658140601,-0.2432135026210801,0.36162385447842055,0.11734653626565653,0.2712235688760669,0.3189621531235569,0.6304713800368132,0.09083447989498077,0.167117866413843,0.43700143039607575,-0.32420483721406307,0.4571855075833448,0.2437283166958215,0.01966713437910212,0.13218372484304278,0.03092080268932049,0.348595868605944,0.3869703381446637,0.13883964944455296,0.14204478647623656,-0.2688720128459334,0.43546144332330816,-0.19973321565495442,-2.6911604465364896
0.005,0.1,4.007251974259896,1e-06,1912,264,0.7878787878787878,13.146232860285174,13.327361857087677,0.18112899680250294,1.0072471074744216,0.29928351099791395,0.49428115531067846,0.45036847952885534,0.6905472478660922,0.634270575331726,0.8364818238867288,1.0932709100552989,-0.10674494238828773,0.6961742544720901,0.2084183888384557,0.5477191400234026,-0.20837585771907752,0.28668019720850935,0.20815407702766017,0.3868662529709516,0.31631555467171313,0.6532533668614046,0.010661435380963648,0.19111426002792206,0.5837291548629476,-0.4072801972987834,0.5513708169388475,0.06080429687524707,-0.07117778845378109,0.13374566666543608,0.12338061896586099,0.1517946362103704,0.4028225397133742,0.15758544654677847,0.12562478178963168,-0.23740310149272864,0.5819483566144789,-0.05787548632908941,-2.588939862936983
0.005,0.2,4.136192279227582,1e-06,2589,264,0.8484848484848485,22.509158650476763,22.48226452130775,0.026894129169011904,1.0102846404721024,0.2852485759967356,0.6029680425031954,0.4213558750485177,0.6650658234258062,0.5339590083441447,0.7351142402301759,0.9782102849170023,-0.023803473709281757,0.7839230585227513,0.15828422105910628,0.4927739293722406,-0.2619275189594307,0.268588128503113,0.18081688929505357,0.2748021917983838,0.2217132924446613,0.5699488065366773,0.09791278577220756,0.1164918206255752,0.47323804445321055,-0.40452495960724494,0.4400169103522633,0.1634830572542658,0.003091364680254941,0.04226457263572524,-0.042888463840936565,0.12175685568537184,0.3041288999369911,0.09770734149186165,0.14252636521122858,-0.28236839358159466,0.49009459486898266,-0.21371920150171492,-2.473469473224811
0.005,0.2,4.168528362531355,1e-06,2053,264,0.8636363636363636,24.765364626042608,24.832927825453023,0.06756319941041511,0.9903785248263726,0.28978113592079624,0.5374911394974258,0.34192710930076947,0.6158355342379783,0.6954344548092197,0.751062241891626,1.054112224644837,-0.006887655723805203,0.8248797691181083,0.20553274536618077,0.6033141574679466,-0.2717381109634083,0.2513528616424477,0.1713688168451542,0.2968576328521911,0.2979623345339646,0.7203617855000899,0.13686923960111225,0.11902898612868622,0.485766840266823,-0.38471068977703005,0.45251023771645477,0.19432354433866178,-0.017456460660454913,0.09312299282595973,-0.003512925192572206,0.30101389219076985,0.34791239879702307,0.06906673875474771,0.15518419063502406,-0.20721424314587747,0.49795106509076353,-0.12996332555458198,-2.622754333397448
0.005,0.2,4.347604583801444,1e-06,2245,264,0.9090909090909091,23.630216069059493,23.542930061691553,0.08728600736793979,1.0126171558412282,0.2881493126403438,0.547388752109829,0.4657651267044733,0.6743739059340315,0.5804827821553505,0.7452867516195643,0.9058060349477314,-0.04037158672180392,0.8576009328958213,0.16666305596661599,0.4945884772899766,-0.2448620767839183,0.29928785019512527,0.13215124474223106,0.18163864296129853,0.2598606165054316,0.6557578280907219,0.09263485870181996,0.216207155413513,0.45827949912622556,-0.36995798856120465,0.4942697070190834,0.16644675764621944,0.011329422873164938,0.1159092684061832,-0.03299276468963579,0.21342898427482512,0.3029466946784491,0.1597970148739937,0.19084269495516218,-0.3473654091155,0.501172727857821,-0.27513713903904,-2.581470710023691
0.005,0.2,4.122774560776161,1e-06,2317,264,0.8484848484848485,23.95886116021602,23.98946632756745,0.030605167351428264,1.0708147109997308,0.2875397507779806,0.5722638808689818,0.3892252390220924,0.6952907436783533,0.6119553551421576,0.7780698469588805,0.9957362424405829,0.0024534179326330405,0.7881903339684156,0.1630047015696526,0.530154475029285,-0.23802037578826243,0.35638598841109037,0.10416690919559336,0.25027975423237947,0.29800330893323096,0.593644841134985,0.08214345532315899,0.13854099400298703,0.4189283650577528,-0.3478577519763362,0.43796168763608706,0.22620360032433875,0.021363513677432246,0.11908224516754412,-0.009449740470792639,0.31476036886754666,0.37207213898321584,0.11352944718245686,0.1477865833981362,-0.2852877396534256,0.4047362156203668,-0.22486842426578144,-2.624871369530067
0.005,0.2,3.8619692459128463,1e-06,2040,264,0.7878787878787878,24.75066862938591,24.934225546525933,0.18355691714002376,1.0032880671312354,0.28989195740525886,0.49752222798038964,0.44340385001784777,0.69092727751187,0.6194144986211909,0.8210430457377851,1.0708709886333676,-0.09783347708678282,0.6633188825915322,0.1939145862280142,0.5229296953478954,-0.20780259346024305,0.28032467497660757,0.19515729176862254,0.374353502913736,0.2947118977272322,0.6232543488939107,-0.0024113910439036625,0.1676874363764667,0.5665735928327196,-0.43027389444981545,0.5332139479803324,0.039835439240809414,-0.0758387529551936,0.11988436937965223,0.09020863198640668,0.1157083188573217,0.3880979508349845,0.1341043250744264,0.12571432137292607,-0.25103123360772234,0.5569518843277571,-0.07431464565481606,-2.523864717500901
0.005,0.5,4.122807095702829,1e-06,3208,264,0.8787878787878788,46.52567960955914,46.51110230950358,0.014577300055563569,0.973311564413211,0.24313531731992288,0.6291107024759478,0.38687335174014353,0.6689503820442871,0.46462442284560734,0.6738895990377356,0.8671984316919761,0.028310159166362477,0.6569077845857214,0.11006304269676773,0.38738692752629783,-0.23359879714960263,0.24124038622355343,0.15474108860161276,0.22834233793672348,0.153157008494969,0.4583858928545532,0.0843552417236767,0.042853891331537476,0.42054913912944236,-0.44839856672856643,0.3874641669488717,0.1189987350262672,0.022695481520435042,0.01676106208287283,-0.16613485395796912,0.029126313267938318,0.2534594028224814,0.04551499073180839,0.16443998147172784,-0.30279955670283265,0.40282597669404074,-0.25666895360266495,-2.2302847465728854
0.005,0.5,4.159261034738822,1e-06,2639,264,0.8939393939393939,52.50932968914598,52.56824092926906,0.05891124012308069,0.9696963688573668,0.25352385553787654,0.5692065883640084,0.30819460159891415,0.6248852091825812,0.6484192660508549,0.6960197449441669,0.9704854666788004,0.04581745099049486,0.7185982250712266,0.16303977659327867,0.5158884006762745,-0.24919720565035622,0.2245856310703961,0.14137933222654464,0.24089830418719943,0.23330067837070706,0.617364314198715,0.11375189874305565,0.026587235960611712,0.4276165750283641,-0.45587392862336124,0.39858274814947026,0.14080567286892032,-0.008386915062066562,0.037573105852251355,-0.13489562842491645,0.19844815615245923,0.30348142477187107,-0.014140268120323613,0.17918467958637532,-0.24791797286244924,0.414516847863462,-0.1962740350590283,-2.41576748294489
0.005,0.5,4.280453381046526,1e-06,2796,264,0.9242424242424242,49.59215092285583,49.51216052202709,0.07999040082874131,0.9871747803095069,0.25061386827288185,0.5631207962500486,0.4377399773222812,0.676941216344162,0.520245858178368,0.6819985816765031,0.8072207624168395,0.0066927348511131605,0.7491434896302932,0.12145583847164922,0.3934726293560825,-0.22215020640989136,0.2803114262451694,0.0994035642058988,0.12270516145189117,0.19288200209236378,0.5582341674717927,0.071407135526333,0.15358634260488077,0.39961402699946674,-0.42507506298712283,0.44173848716928177,0.11879576647892191,0.026659015035343778,0.08925657839420724,-0.15256868892124648,0.12054008551466396,0.2549067516496945,0.09818139775495313,0.20705998245580529,-0.3808487981545031,0.4113863749495817,-0.3316548139451634,-2.3500003847340096
0.005,0.5,4.054826650096967,1e-06,2918,264,0.8636363636363636,50.13469748646857,50.15943867284906,0.024741186380495606,1.0498654663471878,0.2483756860825253,0.5944719354878771,0.3519584592488228,0.7017234870908968,0.5501489347106611,0.7241031195947145,0.8921586644383287,0.05674835351081661,0.6649289006127624,0.1206147938596827,0.4302068255876605,-0.20878818979244296,0.3419303338395102,0.07063201824786752,0.19094975071314393,0.23236838735240595,0.4796759552656395,0.05872425837084421,0.06272338835233403,0.36169226640236096,-0.40216642695676075,0.38121919173753666,0.18014804392342046,0.033652307711647726,0.0934102380427472,-0.12917618248510507,0.2239171128335899,0.3275100386358839,0.050335962695146654,0.16863473662654876,-0.31500236220366623,0.3085936096203414,-0.2872908928139351,-2.406455717406216
0.005,0.5,3.790670754392286,1e-06,2532,264,0.803030303030303,52.68666037218922,52.87419419173159,0.1875338195423666,0.9830020243716452,0.25552643283468934,0.5123806697415678,0.41805665808678555,0.697200693960894,0.5659829882136038,0.7701504671482645,0.9897029297068061,-0.0603693458810254,0.5495732674638056,0.15052251278875833,0.43872253477535755,-0.19511128199328012,0.2640271889971836,0.1606138946774505,0.3361986080832349,0.2273244717752191,0.5269612907692495,-0.04002865109203267,0.10175814992755436,0.5109545642636978,-0.4914038175756392,0.47739327958821903,-0.019214751676546633,-0.08436116624576416,0.08581940043084864,-0.017068029281449893,0.00947630131701477,0.34345855982673495,0.06796967457458397,0.1297868164014041,-0.28238971813282693,0.4732372624263317,-0.12058082000743608,-2.3119796615725954
0.01,0.01,5.2782977251444665,1e-06,1311,264,0.8636363636363636,1.6099523904438455,1.5781462676018998,0.03180612284194573,1.068397974714273,0.30663351958949775,0.6245549032221596,0.446200327279153,0.6918034053733866,0.567273602728212,0.7745095523278495,1.0389511719799553,-0.03538938810182171,0.8362546800910279,0.1690062551168986,0.5247487453979768,-0.284278340374526,0.28070274793616057,0.18988499081029866,0.290190942470051,0.24112051388825928,0.6107423540853737,0.10432426067868654,0.12794041262819092,0.5010696470537498,-0.42450926688763674,0.465934837396333,0.17583421657749856,-0.00350030066592334,0.04715946818545695,-0.035681987833816375,0.13621302587304202,0.31949619055966477,0.10619778307594205,0.14070979243835996,-0.29932909275873953,0.518435423644538,-0.22473220152447593,-2.6309056725667817
0.01,0.01,5.197386756614858,1e-06,1066,264,0.8636363636363636,1.7127045469909996,1.7858874253881862,0.07318287839718662,1.043938615754308,0.3068545560498866,0.5597539268739185,0.35912207900945664,0.6415545391943125,0.7322361567305007,0.7860834813140323,1.1099430965190618,-0.011980498053578021,0.8660996200965051,0.2124861116447146,0.631531137357925,-0.29085143623454024,0.260354817914771,0.17710973379788153,0.3071077262200271,0.3133256325545936,0.7576307084415979,0.14337579416129412,0.1210270977199753,0.5093459123225784,-0.41184565541040347,0.4732650740133716,0.20200195140241733,-0.023520540192953323,0.09489090214776857,-0.008967252633517164,0.3118607914892948,0.3602265734894934,0.0685099984388578,0.15727155139966326,-0.22416259917829431,0.5188479238580574,-0.14341486509667117,-2.759008507566583
0.01,0.01,5.438953086415555,1e-06,1159,264,0.9090909090909091,1.6761922219481844,1.5888191052332192,0.08737311671496517,1.0710492170345405,0.3067706336584022,0.5696280673633488,0.4905763742443557,0.7037577494071992,0.6126193815326643,0.7819098348526801,0.9538896945631846,-0.04813519081531772,0.9062624864905416,0.17310528312544293,0.5193865851725759,-0.2654253163559093,0.31115989244119724,0.13611866158891087,0.18654259953893645,0.27573472417964484,0.6931577608027463,0.09699055963754537,0.2266727358437459,0.4836682819529278,-0.39307954004454815,0.5201507392430491,0.17489616674546515,0.0065514870791636825,0.12304630413632389,-0.03748221502901475,0.22372187882686334,0.31442425912461736,0.16767828116550543,0.195736242150348,-0.3717062628700444,0.5249079221486019,-0.2958973602962859,-2.7257634482634927
0.01,0.01,5.116843944532871,1e-06,1183,264,0.8333333333333334,1.676635584488042,1.7087558597676389,0.03212027527959682,1.1293989638135518,0.3067489799931446,0.5933347923321395,0.4109066457984972,0.7233552679001555,0.6469816946280549,0.8177401830239418,1.050828472418306,-0.005676110698762087,0.8355462644755012,0.17001246543564777,0.5598938295188165,-0.25693551864278513,0.3721539865507225,0.10894725937916001,0.2616720490546692,0.3182123797964813,0.6308236562003126,0.08692883059004977,0.14816439249404578,0.4428272763988895,-0.36639947467000433,0.4610354954707019,0.23985075233065165,0.01686840016915117,0.1271239356813324,-0.006523127016497302,0.3337026052411075,0.3893493183235836,0.12122896599301429,0.14730369524514272,-0.30332060739615296,0.4255885527983233,-0.23875192864664685,-2.773231401184381
0.01,0.01,4.858842894943368,1e-06,1071,264,0.7878787878787878,1.6863704498459762,1.8778158183268379,0.1914453684808617,1.0620148743872828,0.3068500435094303,0.5186196939306422,0.4676061210170394,0.7234884640401902,0.6513927189726486,0.86021399623499,1.127288148125002,-0.1069548164484256,0.6921647722264705,0.19987294577305403,0.5438191816332165,-0.22546414157098832,0.2895536900991498,0.2000059174625181,0.3900152320734253,0.30777948823383394,0.6522259567663409,-0.006647090713624972,0.16972065062880035,0.5945499312170703,-0.4662302679899498,0.5580216253771914,0.03495885853604025,-0.08764267305612178,0.12310606975676715,0.08608625772448593,0.11050058442529907,0.4019661921194141,0.1347035275615658,0.12484818199454233,-0.27360381992305915,0.5792214962353214,-0.08572369095269174,-2.6581200532032874
0.01,0.1,4.343238087115613,1e-06,1208,264,0.8636363636363636,12.094550107059764,12.064907103160216,0.029643003899547438,1.0177802882768974,0.29707339841918595,0.5952405559190826,0.43133436681443005,0.6645624485604493,0.5549206548990794,0.7541811279679832,1.0108910467881065,-0.03847085254624287,0.8219129425760151,0.17437734835306504,0.5254109679702619,-0.26749610745081426,0.278597525619402,0.19093399948368028,0.2915365160276828,0.24407978406729974,0.6066515388105116,0.10373105772936286,0.14394559636521417,0.49024256301792996,-0.3846993473931835,0.45827918517961347,0.18053348767716673,-0.0005113428299281037,0.05521278519291255,-0.0027969463579186928,0.15664422761317895,0.3215338153968058,0.11926239429746868,0.13676023869206647,-0.27007030714150887,0.5176221355418816,-0.19527017567349603,-2.5490281047658097
0.01,0.1,4.313611097643982,1e-06,951,264,0.8636363636363636,13.169024558887443,13.238828152154229,0.06980359326678531,0.9931014078199303,0.299327465275643,0.5291223024013245,0.35155066480634184,0.6143364058032037,0.707485053677906,0.7667993566100167,1.0763800103929284,-0.020494090116932207,0.8546106804148739,0.21956208127299084,0.6280528409074307,-0.2745714778110446,0.26045049951476296,0.18275017854690995,0.31502074989806605,0.3180988107469165,0.7512276529914809,0.14471047143908014,0.15049997343034377,0.5031286077045097,-0.35776539955293285,0.4704835767819888,0.2134390595110015,-0.017794806446314298,0.1136110405169654,0.03642622626365869,0.3361958684988063,0.3622195781576323,0.09856000883453395,0.148979536846881,-0.19023480871776113,0.5224193777458279,-0.1067437372057366,-2.685697884069953
0.01,0.1,4.496792680763295,1e-06,1047,264,0.9090909090909091,12.628807963153637,12.539257880819175,0.08955008233446193,1.0167533330165406,0.2984834850243994,0.5428902411535,0.47371348023270876,0.6741229236997558,0.5978607659851335,0.764316106331224,0.9354099617190319,-0.0530891792792078,0.8887957620603755,0.1819070249012601,0.5253257357948717,-0.24809107136763858,0.3065028309259776,0.14474942687702463,0.20239068866848714,0.2812641984426208,0.6866552295419069,0.1004850918733368,0.23951041696191888,0.4763765140214181,-0.3479032037145162,0.5115194067790699,0.18430481693126174,0.008887972693836907,0.128138593653513,0.005779033786443634,0.24697919216365818,0.3190673831547113,0.18275207654594758,0.1857965283775118,-0.331294141125105,0.5286014960446815,-0.25270800297517837,-2.6524352367192936
0.01,0.1,4.213716655861494,1e-06,1074,264,0.8333333333333334,12.803584390155889,12.836960228694403,0.03337583853851456,1.0721558574068593,0.29824654462887773,0.5650198365557637,0.39972395600831223,0.6932476698488275,0.6296118865602326,0.7936222544461619,1.0258662772252025,-0.012845051574841553,0.8240085660316503,0.17806577613953972,0.560742137671412,-0.2433047922183631,0.3616836183706558,0.1171779562494639,0.27107848068007667,0.31879337367571237,0.630272747000918,0.09071738129401863,0.1668146161098798,0.4369123055220458,-0.32462870551482936,0.45708130277952486,0.24356632266464112,0.019651777333807824,0.1320254476411021,0.03047125866680623,0.3482875331912935,0.3869178384915347,0.13855595080938254,0.14212633268109226,-0.2691998942395848,0.43526936856450704,-0.20011531810622002,-2.6913042427026532
0.01,0.1,4.007197929898645,1e-06,957,264,0.7878787878787878,13.147094292275751,13.32831917276812,0.18122488049236907,1.0075770009794807,0.29927464666562537,0.49449112596701283,0.45046316646680284,0.6907790470446942,0.6343345156529154,0.8365660191388441,1.0934070513896073,-0.10671890154158377,0.6960156481163293,0.20823158823893712,0.5476075224224562,-0.20852389849384478,0.2866910780717572,0.20797557154027083,0.3868274284445704,0.3160652510090568,0.6530543102151856,0.010411991849131493,0.19078835125266216,0.5836741641417273,-0.4078483092091508,0.5512711322829561,0.06045979832453179,-0.07131481638006214,0.13352819435273483,0.1229298083628825,0.15126173677763974,0.40274429669283673,0.15724376329521716,0.12565273171162808,-0.23775221072600217,0.5818228161081785,-0.05817725584267913,-2.589010906469088
0.01,0.2,4.13617948919147,1e-06,1296,264,0.8484848484848485,22.51063087894204,22.483753543683434,0.02687733525860736,1.0106302139417684,0.28522308796032514,0.6033054181495316,0.421407538006572,0.6653218599509552,0.5339138520192368,0.735145490929709,0.9781892796753141,-0.02365291763667298,0.7837622115248911,0.15809703076247383,0.49254115082688443,-0.26202677711308087,0.26855170085364133,0.1807122591324409,0.2746681577440332,0.22147120713175872,0.5696762658749847,0.0978357018230261,0.11612002742279327,0.4731771492757025,-0.4050346459368536,0.43991444842974237,0.16327922350064744,0.003097173811478686,0.042057678473303356,-0.04349214326204274,0.12127477470676742,0.30399098547924025,0.09739612047546993,0.14262640416351482,-0.28272524403145216,0.489905018074161,-0.21412346887914002,-2.4735499746965175
0.01,0.2,4.1685102401669525,1e-06,1028,264,0.8636363636363636,24.767151354352926,24.83474219514586,0.06759084079293487,0.9907682493949883,0.2897553100621078,0.5378468092489043,0.3419207728483665,0.6160971381967691,0.6955634491423264,0.7511025849172417,1.0542162988699662,-0.0067057105182667005,0.8247676677638026,0.20534058410246855,0.603182837162652,-0.2718758134771885,0.25130665674165675,0.1711999609724433,0.29666715002777594,0.2977129541777211,0.7201569798991457,0.13675582992915664,0.11851205224957731,0.48566131020891873,-0.3853928358284463,0.45236445458539914,0.19404631135073108,-0.01749520666366215,0.09278339152165975,-0.004221841327533406,0.3005057433598397,0.34779697106916185,0.06855907940601451,0.1553266151375557,-0.20763159762617997,0.4977434663017663,-0.1304539291439287,-2.622837686411647
0.01,0.2,4.347598882574576,1e-06,1124,264,0.9090909090909091,23.631719555017735,23.544476972648166,0.08724258236956928,1.0130217848959708,0.28812360828429245,0.547686088168337,0.46585628635713183,0.6746480283632383,0.5804835055425724,0.7452934904456971,0.9057345415228489,-0.040224993423828535,0.8575106798630288,0.16644677957911738,0.4943222225086349,-0.24498653606529683,0.29929677202793414,0.13195588987747253,0.18135556333396533,0.2595970702018334,0.6555455585568017,0.09251138041279773,0.21588004052946258,0.4581714292993772,-0.37054517526740527,0.49417512507786887,0.1661907288235675,0.011334936448428147,0.11572918958954263,-0.033676362147724064,0.21292496950673964,0.3027910201790969,0.15944913360762414,0.1909827763055713,-0.3478453547771489,0.5009405240024379,-0.27568615709884137,-2.581510661925856
0.01,0.2,4.122762536462723,1e-06,1159,264,0.8484848484848485,23.96040300963938,23.990995999318724,0.030592989679345095,1.0709887360193793,0.28753100543219,0.572410690007137,0.38924397299573316,0.695425559461096,0.6119844635748206,0.7781111484286649,0.9957557534429532,0.0025184468235088203,0.7881580787266478,0.16292121850311667,0.5301025094525894,-0.23806922561924862,0.35642615251218107,0.10407019854663634,0.2502115161585979,0.29789986598280094,0.5935378303659861,0.08207174273080714,0.13837458771230376,0.4188750468708663,-0.34808653429190634,0.43790317342123314,0.22610514965311204,0.021359105807069022,0.11898798200398769,-0.009688870843005458,0.31459140739492963,0.37205173006221975,0.11337176852885403,0.1478411931195051,-0.28546413831943945,0.4046464911767427,-0.22507022928580322,-2.624959203920911
0.01,0.2,3.861920963784609,1e-06,1021,264,0.7878787878787878,24.752329642893017,24.93598038074266,0.1836507378496428,1.0035860805149297,0.28987464915026706,0.4977240723867217,0.44348215347140885,0.6911505584632327,0.6194586040461049,0.8211143646871729,1.0709700982967378,-0.09779029045387237,0.6631400916195662,0.19374206887343579,0.5228028840862173,-0.20792300311564296,0.28033395034684166,0.19499841891476896,0.37431116579316354,0.29447705384831474,0.6230541133166682,-0.002639103664502852,0.16738534443783323,0.5665175019368339,-0.43079709087860335,0.5331188243553263,0.03951374009535347,-0.07595919354984744,0.1196890765646897,0.08977309964633723,0.11520591774151354,0.38802252967996625,0.13378570917150598,0.1257447496963089,-0.2513496562255103,0.5568195609040846,-0.07459739283597502,-2.523895708504827
0.01,0.5,4.1227995082451265,1e-06,1605,264,0.8787878787878788,46.52834350653878,46.51379713962788,0.014546366910899167,0.9734665808959194,0.2430974536305426,0.6293204160107991,0.38688565687429494,0.6691098319201226,0.46457625510746464,0.6738954119136994,0.8671345819543823,0.0284305924616018,0.6567651169671553,0.10995570166959585,0.3872209456056814,-0.23361422719081826,0.24122671931455755,0.15469714464935747,0.22827362167504062,0.1530122827515666,0.4582186216811453,0.08432622366964185,0.04266411891214022,0.4205078683247775,-0.4486434891436769,0.3874108608617705,0.11889903835349827,0.022729299449493347,0.0166839170625691,-0.16649972581453013,0.02888155787437074,0.2533840912722995,0.04537119599147545,0.16451312700505638,-0.3029572492294834,0.4026985095104479,-0.25686887218767523,-2.2302835668659946
0.01,0.5,4.159249652227857,1e-06,1321,264,0.8939393939393939,52.512878192040105,52.57180621559683,0.05892802355672444,0.9699337368890426,0.253466124720696,0.5695167393899194,0.3081627265521408,0.625115254592852,0.6484606851456827,0.6960141996075748,0.9704738216334445,0.046026972584592526,0.7184191472489831,0.1629028518165176,0.5157122741308381,-0.24921371404464635,0.22455308176664168,0.1412896541498324,0.24074411584956648,0.23310596817867532,0.6171637044195531,0.11368162718415183,0.026218724829826123,0.42751402829382107,-0.4563275385383084,0.3984877466412237,0.1406262829094608,-0.008366358759698137,0.03735993264497554,-0.1354906821970925,0.19809487069326168,0.3033902035015217,-0.014483900748934365,0.1793203130839205,-0.24817440808005792,0.41430777530368335,-0.19662792288290795,-2.415793434677756
0.01,0.5,4.280450006654437,1e-06,1399,264,0.9242424242424242,49.595007876023374,49.51504831559891,0.07995956042446295,0.9873628716167941,0.2505751190618108,0.563304854035906,0.4377765155908442,0.6771102967577143,0.5202190015380352,0.6819842642846679,0.8071409209475747,0.006814607601095178,0.7490360173351878,0.12133713664334159,0.3932878276321446,-0.22216920684572442,0.28032919571615805,0.09931516318149816,0.12255594122423247,0.19272363113137878,0.5580969170703757,0.07134896880873795,0.1534255322597164,0.3995384048725515,-0.42536900370479885,0.4416834242216825,0.11866982698158345,0.026694934018622028,0.08919266201782367,-0.15297130509206208,0.1202806188387662,0.2548210263962179,0.09800627508547007,0.20714466688223063,-0.3810713319301587,0.41122902722326105,-0.331931958440439,-2.3499804357288987
0.01,0.5,4.0548186802951385,1e-06,1460,264,0.8636363636363636,50.13757249914809,50.162310882384034,0.024738383235941797,1.0500694412957685,0.2483372010189599,0.5946681912268605,0.35194658930889083,0.7019031988876299,0.5501324636747885,0.7241282024366116,0.8920991657520517,0.05688980101768557,0.6647758722237245,0.1205127041828683,0.4300505088948687,-0.20878462558276997,0.3419749198224459,0.07053945298399882,0.19083168280258397,0.2322362230548622,0.4794937266523023,0.05865872049819676,0.06252339454316645,0.3616157847709707,-0.40243019010898146,0.38114588729882426,0.1800487111594804,0.033677243427229366,0.09335529286881686,-0.12954053868539087,0.22371529570448992,0.327463674852665,0.05016387588117176,0.16871589371368775,-0.3151853901323435,0.3084094999853562,-0.28755349634455757,-2.406507861207116
0.01,0.5,3.790637856025185,1e-06,1267,264,0.803030303030303,52.69008496889603,52.87768216459456,0.18759719569852962,0.9832039946454358,0.2554871064163884,0.5125612328634342,0.41809617653393644,0.6974024540403948,0.5659776196886225,0.770190356993134,0.9897119696294616,-0.06028098200278565,0.5493597034835255,0.15039659194797234,0.4385733761419612,-0.19514984929565168,0.2640441743713143,0.16051838849747785,0.3361612192677666,0.22714088407213315,0.5267807835060295,-0.04019102353745638,0.10154802055748427,0.5108986478061706,-0.49177356106264586,0.47731899275543793,-0.019447088665732356,-0.08442973556593117,0.08570692568835128,-0.017439854274911695,0.009095648830395386,0.3433988732638595,0.06774340188734383,0.12982320313166523,-0.2825967956166568,0.47309579946228253,-0.12079075354459329,-2.3119554633651305
