#Learning Rate,Lambda,Cost Threshold,Iterations,Num Training Points,Accuracy,Training Cost,Parameters
0.01,0.1,0.1,15000,264,0.9242424242424242,34.900605936878755,2.040367706722551,0.08456445823346201,1.3030585279812528,0.8189203597570313,1.589638509281913,0.8698622914423607,0.5922876702080763,1.078019714196717,0.7834296612953174,0.6144821354315368,-0.5633217161602628,-0.08690025378095331,-0.12163562647202023,0.4879399429322075,-0.16287730648888868,0.2867487137057525,0.062470955742578056,0.4354186206531604,0.021782715857755115,0.23490938191759828,0.46484884625575884,-1.3279597850306097,0.8817365488472232,-0.09129807195237429,0.4952231509668531,0.7985243443808123,-1.2698975519069278,-0.044117702361842544,0.43058460007314603,0.47437558914155686,0.09159696444919921,-0.3656944036697696,0.001644758153090815,-1.145403371937974,-3.6102279320929007
0.01,0.1,0.1,15000,264,0.9090909090909091,37.37000389328495,2.0530967487905625,0.528132949593573,1.7120495484792382,0.9392303951592539,1.339204524673666,0.9228549429114931,0.6849217831883032,0.9189001811246413,0.7321561765688748,0.5679375065256919,-0.3794599960373236,-0.10273387519537838,-0.11484370382208238,0.36628180140854233,-0.10806522189167231,-0.4290318796568766,0.13575093422699916,0.4345571067754367,-0.2355255759955454,0.047559816292720505,0.48995020910941556,-1.3348336199185227,0.9112257662835673,0.6839201070076875,0.14319967570477055,0.5065034636307486,-1.468491057592741,-0.15017577208340946,0.6207942508413873,0.28831130712264735,0.5988018165558728,-0.3736234819188994,-0.5540388053424893,-0.9511924149089007,-3.72018688870592
0.01,0.1,0.1,15000,264,0.8181818181818182,43.050386037882575,2.5070112474182,0.23722903061207268,1.273489529609023,1.513504822753517,1.812177195842552,0.5239796905765657,0.645618243183789,0.9972047190412099,0.575110187402065,0.8816309250630376,-0.083859131337589,0.0022675057705335198,-0.628702569881379,0.48431356790953395,0.14877302047409377,-0.02802087934741273,0.29656015474025743,0.2833815606886115,0.017084067386795385,0.319090033147333,0.5905663382544606,-1.2742771340508086,0.7941046585103628,0.2739129850933862,0.2968166339858469,0.9304053452459661,-1.386507268421703,-0.39666670105380325,0.4617712456978253,0.3949854088360234,0.6995778523319952,-0.29752347403718865,-0.09261733972615295,-1.137244329947982,-4.352895284027514
0.01,0.1,0.1,15000,264,0.8636363636363636,37.425789016961296,2.5090944877792274,0.3388778320441409,1.4718856502128663,1.1144087595269505,1.7159931547998035,0.7774074198139528,0.7698681303463595,0.37745934146576543,0.6802415190813327,0.2189471981726537,-0.6076079000002992,0.0908471852707859,-0.11632512087483797,0.4030279192018325,0.024063545220209297,0.19013815288103544,-0.02906910192262031,0.29325981734863,-0.49513282718343427,0.19790710992328048,0.5612779650838603,-1.3132342950031868,0.39041806319075334,0.4755446911608877,0.7145786474919726,0.6890531854256039,-1.243153995262078,-0.26927893346388115,0.45127121922648344,0.4884335688623767,0.4928425365946785,-0.34257857679971054,-0.0008452219586037236,-0.6945435023795598,-4.18729872586158
0.01,0.1,0.1,15000,264,0.9090909090909091,39.58473249825886,2.1701794669117014,0.4107758132495049,1.3623421682113377,1.4491329312909433,1.522651698403066,0.8008049353027619,0.6983449359886681,0.6415281258130973,0.8021305397581989,0.3931950922564098,-0.4281346460256852,0.3270525409584713,-0.3313805913576765,0.601399766416296,0.09740731073935424,-0.2826571589861148,0.27471335898520116,0.6622489845969071,-0.18365036807923926,0.44410189184532517,0.22208812437343814,-1.5167133978147465,0.746386048140049,0.23368107419828552,0.49412375634091105,0.7771702008464355,-1.3365978345895182,-0.4619643256454797,0.36358236961967133,0.3604868224866524,0.6247836240331683,-0.2995783813157263,-0.3277341662304344,-1.1852045132966846,-3.869584910962199
0.01,0.5,0.1,15000,264,0.8636363636363636,74.41283235605775,1.2687301550165861,0.07952782875218053,1.0631008284017083,0.735422356910418,1.0244229443862285,0.32357661312433317,0.6324131292733787,0.7219420111284715,0.5116146621807232,0.4142086228046521,-0.17806797908047134,0.30519411187651,-0.08423380415786529,0.4404822689335588,0.09091459896445224,0.2813791916963506,0.11625872408903833,0.13298300557748438,0.17038298394040774,-0.023528968625364802,0.14098906038961834,-0.834559913493529,0.5015542402255154,-0.048052533468918725,0.32618148954777165,0.5023742519584976,-0.7475519783985893,-0.10937977346070728,0.30146115101950416,0.014186668167789008,0.3723185968141788,-0.15639375357227853,0.061170415772977695,-0.5436772497256086,-2.7631220628461177
0.01,0.5,0.1,15000,264,0.8939393939393939,75.26163843371856,1.2974370154946686,0.0964520248424878,1.0698023581676253,0.7388044387454982,1.1537468655974052,0.43490961984741494,0.3669291438761214,0.7618261495358761,0.37825408450454384,0.2651678520079343,-0.13328842586650305,0.12319371596679148,-0.12500189231032327,0.3441256714968968,0.11458186986494194,0.05059930269262971,0.0926629196596668,0.3446173331723678,-0.14912002381647085,0.17934130263615114,0.38620778580123066,-0.7261565850794771,0.3788095787830731,0.04759549364354098,0.26886651329059547,0.37277906793004206,-0.8847393883510819,-0.12675624294548116,0.23396803538011732,0.06209601505007387,0.43985086761322484,-0.08829803538507855,-0.14076713470861502,-0.7159260174431308,-2.3942556260049135
0.01,0.5,0.1,15000,264,0.8333333333333334,80.4245111032515,1.3403420846459997,0.10976218972199793,1.1336691821646734,0.7121762706195414,1.087531317578411,0.32108400284510424,0.6355287863368263,0.5054766975860447,0.6811502939142191,0.2959521539680535,-0.32076833124512405,0.08285070816239816,-0.16608394949667313,0.42126986674519357,0.1075875311512089,-0.0012279772417004358,0.06363163285491698,0.24831017498969668,-0.10316734721246197,-0.045661569777105254,0.4100680161282164,-0.9280359551462588,0.17197222066620335,0.16842067718867498,-0.0017869305214210413,0.38870809297810976,-0.929067300545551,-0.11597412795787866,0.4412363152339869,0.36147205246394704,0.3135678076149781,-0.41447176014990894,0.12737612457532163,-0.448360942409782,-2.4456119244652728
0.01,0.5,0.1,15000,264,0.8939393939393939,77.23467649487783,1.210198150314834,0.09973482590568998,1.0236772483693892,0.7311028246901354,0.9977477829853063,0.7165716655564086,0.6981678698832324,0.2443566767285297,0.49265284362890505,0.35429992324022297,-0.2324836945582745,0.042337399825059185,-0.10436429960825526,0.3308742942953985,-0.027404303197226025,0.06885517260978567,-0.11565097581658082,0.3696348734601416,0.014913254189972375,0.253493804368544,0.3506181408747028,-0.9511713601123467,0.35305037202641454,0.11614620852606806,0.4616550227909695,0.4696179804245318,-0.7856499732667381,-0.27869943095244487,0.19666395366712927,0.36335372166770363,0.46908888181278224,-0.05544495327588547,-0.10294974722703916,-0.6909774826751812,-2.42236969704936
0.01,0.5,0.1,15000,264,0.8939393939393939,77.6777718959283,1.323410142439801,0.062414575392925956,1.1227123450711394,0.7160067983982049,1.079142826792285,0.43835385981047337,0.4175228210647949,0.6268979963945065,0.278485592532888,0.5049747908308576,-0.19416487856539488,0.1332211039751937,0.04648400328214287,0.22516019181656002,0.056808715636696414,0.12280266061390713,0.1256798882120421,0.29174592044983183,-0.14434698007223346,0.24884631305671984,0.2794417174078258,-0.8461290432388342,0.54249979614988,0.2668840485456457,0.2010516485361811,0.5108007429898485,-0.7539156170095312,-0.244622111071177,0.3123166198101055,0.2671728185628224,0.521849057086929,-0.42878349494014273,-0.21347791802031113,-0.49985978840844236,-2.5547628275640717
0.01,1,0.1,15000,264,0.8636363636363636,82.71547510285716,0.9160331462454303,0.008963647610158804,0.8639285840640594,0.40198755660268504,0.8596912252891873,0.32429638245636444,0.37260940069654747,0.5589020271065297,0.3310381482822301,0.2755681186276886,-0.0667831917302543,0.29472724041624815,0.02167296600711372,0.3983394898804185,0.16583444445984474,0.19669292678128975,-0.02530329769755571,0.1274919122543692,0.04902839624675205,-0.0168590518266058,0.24393561622208523,-0.4395273294840605,0.3946439532217477,0.1770517035367495,0.18409259040978643,0.3447788924089803,-0.5370837031705434,-0.06000929691524019,0.2693177332392474,-0.06033667721455745,0.29374237890130306,-0.08564239267022511,0.029664341490286256,-0.4767050203487843,-2.057171212162932
0.01,1,0.1,15000,264,0.8787878787878788,87.27283227097804,0.9727808176551508,0.007364863473714097,0.8814741839103118,0.6549097351328192,0.7558410045116791,0.3006639644333201,0.5056302595896981,0.5558694194076811,0.3534481913494989,0.29860241218260003,-0.19879386552086903,0.13350485610057924,-0.014535065151470199,0.16802582852727674,0.05429181694704402,0.24570177633236479,0.07150341652605266,0.07325223500089988,0.0970650722984756,0.10203734771716277,0.27933091680598005,-0.6570131746485849,0.21217681114351233,0.12837726618946366,0.0922399575564309,0.13301453506813488,-0.6414571046384047,-0.11337518522149367,0.3092702541891584,0.16071925992114802,0.3475307191898223,-0.1320337485409325,0.11786878543782302,-0.2186940712740388,-1.912146318524492
0.01,1,0.1,15000,264,0.8787878787878788,82.38183557584956,0.9242630899988201,0.00511408935007612,0.8373417225965155,0.4991747115896349,0.9008872341879465,0.35533569369469886,0.46300732209087125,0.35360966686956075,0.2850003662192673,0.26660671464896096,0.04509924011771289,-0.03832007961887215,0.03390630860525963,0.27880553899346006,0.09003749176173094,0.275918301789409,-0.05196589963259202,0.22879878793400368,-0.1627197382646373,0.1834298951857473,0.275742869948822,-0.6197988458321391,0.3034319585065489,0.052735219483504556,0.15656976272145062,0.33915988652192564,-0.5285748286130575,-0.2113086636197854,0.16275841244913747,0.1454745422859385,0.30419049226177564,-0.17655695494141987,0.08090208281246068,-0.3383367632699904,-1.865130568683831
0.01,1,0.1,15000,264,0.7878787878787878,86.14261638116871,0.8366866068094692,0.0037264327779993,0.8999242344412145,0.6316316513094485,0.8539032816949907,0.24430003312170775,0.5163318971768008,0.3059780354685284,0.28534390526664594,0.1517422701813324,-0.013295813500575892,0.3066038077656295,-0.08151544463476029,0.45847548686180245,0.0522319678796167,-0.06344963199803771,0.07385882945317224,0.37630405676650586,-0.11984983413656428,0.1678924751701113,0.19944351060974758,-0.6274125499151985,0.2841742319655516,-0.028479064522043546,0.13282290536786348,0.1660397323236023,-0.5565359901538446,-0.0766837856479703,0.3246304284623389,0.18717592556562393,0.30485949261954637,-0.17671659938174417,-0.00868016768305177,-0.4893733667123698,-1.709669962461465
0.01,1,0.1,15000,264,0.9393939393939394,81.57162185182878,0.7659218033774031,0.005445871935228121,0.9004102314637523,0.4570126903317662,0.7400569876933035,0.39707319979295586,0.49532781194470415,0.5409650379204165,0.3920864809077882,0.3259118671589907,-0.027601017431657514,0.05579225290834308,-0.04196864722220949,0.24800241689268865,0.03341125721097935,0.053985766776712504,-0.053090763796414475,0.270770727422296,0.02936241380078427,0.04687510942485072,0.17759691469945316,-0.6863956744934224,0.30144586182347355,0.04271695008482361,0.11842924756883803,0.314802074834378,-0.5277484522826348,-0.08203355792015188,0.25127026371772243,0.05028090474256502,0.39860409573595085,-0.15281957383426767,-0.03676124963325706,-0.5249593933769992,-1.8030488726001996
0.01,2,0.1,15000,264,0.8333333333333334,89.48059160374768,0.5717990633920174,0.0001428065254332475,0.712079319466488,0.39279637643645704,0.6332101983288014,0.23677799467330693,0.36670785318997956,0.30729588431605354,0.25019281313329633,0.18231444940820796,0.02244140110967972,0.19306171602885014,0.03374900377927982,0.33331868479647964,0.09516496127149726,0.18240141113112932,0.007841752964083234,0.13014483102529686,0.10258759810615826,-0.0029832136025611205,0.17685259772049408,-0.4741137877106334,0.16019291877943534,0.13143390257404305,0.09558788349230896,0.05423537547603144,-0.33616965737379884,-0.14106422946348682,0.20657210774449633,0.026786964757884682,0.2662162223079104,0.032199255362864006,0.15170507420215568,-0.22196729918421446,-1.4085491774541095
0.01,2,0.1,15000,264,0.8636363636363636,85.9431473997616,0.6294687805599982,0.0001143289352748358,0.6660189471793536,0.3466502455356814,0.6205690696260238,0.2188282703577636,0.39618444500705396,0.40419635450344876,0.28315881076406346,0.22479488999578273,-0.006471750899888553,0.21346308804855024,0.016495924741739342,0.24829614459329594,0.12017480610814811,0.14677484178754624,-0.026449240417321815,0.14820468420307398,-0.07627702587492008,0.09117907444024834,0.2028156338972626,-0.33415315242718335,0.192442363962743,0.05558019294829937,0.12926179320214704,0.11059582297406943,-0.35075999208340936,0.00282646235335987,0.18975679834777107,0.05354859897607797,0.15737726586240053,-0.138295555896383,0.11371645527971208,-0.22790028641545787,-1.3847714786266905
0.01,2,0.1,15000,264,0.9090909090909091,87.0334875034884,0.5753283784651329,1.972131547528456e-05,0.6178175160712693,0.3366825272063132,0.6283592951937879,0.2393674527601246,0.39442050421819047,0.40059411282566104,0.16371831783645982,0.1893456128269015,0.06585520766153041,0.16917335649408158,-0.011673737614340427,0.1375094486171417,0.06443262266735231,0.1986661596070713,-0.019727537714980464,0.21223277732770002,-0.05335039626353634,-0.0019466503768492932,0.18457465359750813,-0.44694305630127246,0.16442728573049278,0.06551313052404023,0.1846531988800337,0.1700776965288757,-0.4308095072048749,0.01792668413042507,0.2452934581641442,-0.022810802390714077,0.2744053888249443,-0.12313945486918486,0.06370204459847922,-0.2804471272104658,-1.2442121990094153
0.01,2,0.1,15000,264,0.8484848484848485,80.32245873717468,0.5557769200997952,0.00010401076897122311,0.6452796265782736,0.3487282486608174,0.5782323928900166,0.2267553343745094,0.37271460221918024,0.2665649752056865,0.2483165471147556,0.16264502044328788,-0.06781744689627532,0.15554002016280263,0.0447574117722059,0.22286725570682406,0.09719962453213346,0.1001699510424157,0.028121664018607075,0.18374079792758893,-0.01990157937155987,0.09550415595567895,0.15560895431685368,-0.3325875939764073,0.25708761868617325,-0.05477756243635339,-0.011584610925951106,0.15058457034548764,-0.35511715132663557,-0.15709870907021908,0.26401273802800895,0.1312318778460286,0.28567086118168,-0.12863447693558944,0.09114607618392992,-0.3246832400968945,-1.2330520352289243
0.01,2,0.1,15000,264,0.8484848484848485,85.9874878961515,0.5735512525366581,8.545282954820497e-05,0.6705289639578346,0.33533819126518083,0.6280967904601447,0.23876399177945418,0.42500420926338167,0.3311697287656917,0.3017643901651868,0.25208191090593973,0.02074324321391183,0.07913095075560553,0.043784321584601694,0.24926037804245055,0.07371525108199926,0.11544520040046641,-0.03112305641961692,0.11242698677261838,0.021768020167315195,0.10957495799323606,0.1789827295482119,-0.35574382067325744,0.25476079787877554,-0.06919415170259469,0.166734293554926,0.15048154953903728,-0.3892479807129002,-0.08902345232098612,0.1456440026422997,0.07726366680432113,0.327733381468123,-0.1591834936646177,-0.004421231383326043,-0.13126851487245292,-1.349257776134888
0.01,5,0.1,15000,264,0.7878787878787878,81.37213180465787,0.2979003469596423,7.46191791859084e-11,0.446295659942869,0.17820423297039037,0.41447910242714053,0.12582984771505645,0.24354614287985996,0.21660088933752292,0.17883892564630657,0.15956983667425725,0.09154547655217005,0.15184045430098206,0.031617971506066614,0.10095227594680918,0.06924882249123576,0.1490019097824683,0.022529868564418073,0.09279705857400067,0.005940665367148497,0.04093453130750156,0.08066612141171214,-0.2342706031431165,0.15302518944974458,-0.01321404040092149,0.10085124527282983,0.010655342154687891,-0.17676450577907823,0.05942711711649302,0.16047127199835665,0.04533578904194177,0.1692177413140597,-0.034434267589302944,0.04267871182184141,-0.10623216298571195,-0.6790563685682782
0.01,5,0.1,15000,264,0.8787878787878788,81.22358464761669,0.32201692618868094,9.448460576257769e-11,0.3999672880313093,0.170335706054649,0.3980898644928606,0.15949717139493053,0.2874167415915186,0.19392358243657473,0.158674223125204,0.11445819837424148,0.07267295872117076,0.13428361209568407,0.032759388445547565,0.18732184923642942,0.06258534117313025,0.13212970922061612,-0.01167152190011878,0.11817960208091625,0.044368301450462874,0.02963858109220415,0.12623560758817765,-0.21609978150481504,0.13426913670702414,0.003985616100446684,0.06913651148932438,0.100040501832622,-0.19593796923064002,-0.004513443021648984,0.14050809585272686,-0.03954997652599136,0.17186855925414649,-0.064982515859079,0.1285067968974289,-0.10970113961649865,-0.7384269494327961
0.01,5,0.1,15000,264,0.8333333333333334,79.63668367442179,0.3331110916534401,1.7288802398542084e-10,0.40291959293291263,0.18178488018367633,0.3842649466529582,0.07720704849132362,0.2885729951348195,0.21480197135815285,0.18570797651149404,0.11466962788755382,0.026709114287357887,0.1388790004940127,0.07106176829470964,0.17556484385792934,0.12866287476221572,0.1072575452012515,0.021105607539336137,0.07237691881511445,0.004932005929809548,-0.007856883685321697,0.14180882234689476,-0.1683420938996657,0.08857835305732467,0.04063446222164351,0.09231849720278926,0.044656643978142826,-0.22444364963629368,-0.03309158595128352,0.14281860024907503,-0.003042027803592867,0.1914743931928117,-0.07943115413671901,0.09336750804637271,-0.11405602883163928,-0.7151476874211353
0.01,5,0.1,15000,264,0.8484848484848485,78.61851551699752,0.2758891983437899,8.209095046185648e-11,0.41826429088996925,0.2174165364889444,0.3645946955707612,0.15031363208047657,0.2962527974742881,0.21536831486414487,0.16420413143081994,0.13550391045899554,0.03481459098419461,0.1582307080226278,0.07623163446127089,0.16607855522063691,0.09546428940130386,0.05628937247567849,0.00970628022877388,0.11739119323361806,0.0024910763028593358,0.0856110406129284,0.14765079965042952,-0.15872514965064982,0.12710158137515418,-0.028964679569587554,0.02640669742560256,-0.005502617555158271,-0.16288676011710393,-0.08979928364836245,0.13418412865536195,0.06771334915856056,0.1657557801988594,-0.06246896666413966,0.13127407549250678,-0.15095928545644172,-0.6573178110280713
0.01,5,0.1,15000,264,0.8787878787878788,76.30695481326589,0.32712779632227124,1.939844351364382e-10,0.430234753322778,0.1878127218430421,0.3717747883968542,0.13964708880928436,0.27766127143195407,0.1554372724682832,0.15795362451625583,0.14285146066931445,0.018264414987174106,0.10365276673978195,0.06482984355725635,0.17125687127277087,0.06947884653884558,0.12805849797539554,-0.021288850252798665,0.10535195905500717,0.034410226187984325,0.03099174887486761,0.08716817550612069,-0.157368317359444,0.11822346904104139,0.035585824914107646,0.09283271300935521,0.048851127811877754,-0.20062725793665195,-0.03404168809750119,0.1476814998928722,0.012751531660453131,0.1945123632115276,-0.05663370500089327,0.08970821967648723,-0.10072888879893381,-0.6770790018488355
0.05,0.1,0.1,15000,264,0.8484848484848485,54.291628209882745,2.679108343246707,0.09308407101770995,2.050569741410989,0.7804477037208988,1.435769941451357,0.8022465827286435,0.3960998134705485,0.7354811037516785,1.1456540943439735,1.0096480574569793,-0.785621667700057,-0.26487165161782555,-0.2322296687304586,0.8132291296648331,0.25246392898404896,-0.41541396826280164,0.31833364652929486,0.1055209793849139,0.014602802309368317,0.3224328342411807,0.08367624768697819,-1.6463571548916125,0.8914437720118916,0.5741518145831969,0.4982349289284314,0.9179455826260303,-1.7741089590631933,-0.5184222859787706,0.7413084520677153,0.3595970847469896,0.8415875969891204,0.10143260041301168,-0.49682557047359743,-1.4971882517823083,-4.565426360762573
0.05,0.1,0.1,15000,264,0.9090909090909091,54.95313145505614,2.7040999808058253,0.016285989838962008,1.6365580567664177,1.0842399990783738,1.697773598630932,0.9238042085166409,0.6958248998909972,0.8586262083123175,0.8279375128008454,0.38195166626000127,-0.77860533836392,0.2151181271538254,0.12865518265743545,0.51163927455906,0.0421128807106824,-0.013119007519675882,0.2259243318070786,0.05115335730442613,-0.735887036983289,0.052868903560148596,0.6065449417846641,-1.8541019094244933,0.8948035622276242,0.3504850326607479,0.7481973164043073,1.3149422993629938,-1.78950711542693,-0.23755446097692512,0.7750722215788679,0.580882999754987,0.5946964959644954,-0.08133392556821332,-0.6424259986626221,-1.313950545510489,-4.53134633186759
0.05,0.1,0.1,15000,264,0.9242424242424242,50.404992347298595,2.7289767700989414,0.07715359918745326,1.4486405567801146,1.0463919848332663,1.8202659006924882,0.7901589673822274,0.5244696361309256,1.1169907487515638,1.3150942837976538,0.6118195103921372,-0.9327848447333911,0.028332304252340682,0.013292025356205621,0.47840731729103875,-0.059786694634442826,0.13880041305849727,0.166523216899702,0.16673149389349362,-0.2325853927930173,0.10892793865703235,0.45198356254001165,-1.7675054587459458,0.8031136743207173,0.5563997085699927,0.4818144703973234,0.7648625563159368,-1.453510018341376,-0.11152596615535004,0.5551095870453328,0.8304533956288159,0.5232940677943256,-0.3355148555047638,-0.16252992598406674,-1.1971267031523176,-4.663101108295912
0.05,0.1,0.1,15000,264,0.8787878787878788,54.72371878242045,2.5925171681350148,0.04622363323534004,1.5150684466343045,1.352266340185599,1.6883445274948559,1.4651199880406318,0.5194133660547717,0.9070631801960001,0.5607954005110493,0.4424792354706932,-1.1015141902862031,0.40330071897548,-0.2725626574802615,0.3658290166023163,0.34596894361322084,-0.18207671704696415,0.8600277597488115,0.5552561922689493,-0.26461203832520636,-0.11930379934545944,0.49088990140344263,-1.370346341051318,0.8088702509794875,0.851706047014907,0.6404343766172843,0.8604594671959411,-1.6166797812948281,-0.437778104823012,0.620417765389014,0.5623204827662307,0.4512486208046477,-0.19103729505570133,-0.05307351360464467,-1.8324897195882126,-4.316833982261105
0.05,0.1,0.1,15000,264,0.8939393939393939,53.40944313404538,2.942470730635955,0.09619630232431149,1.4821667301819528,1.1309318291456327,1.7320618921643038,0.7766933245178806,0.9266663536138748,0.7836018425247392,0.9287023131721661,0.7373104614246788,-0.5430439934894454,0.25923460652060254,-0.37745528817089996,0.5797473437041911,0.06228092494039031,-0.08328033814336093,0.12827807479027586,0.3031500233751717,-0.41186226065055975,0.6821606508546699,0.6255000425143789,-1.5505171770637693,1.032535107008438,0.46292923795480007,0.6718963892916634,0.8862162800402887,-1.658860718427837,-0.06717124979214421,0.5614011191367776,0.457903240120927,0.48552781839397835,-0.26119438801101247,-0.587403851575058,-1.3542099494406974,-4.794413064683517
0.05,0.5,0.1,15000,264,0.8333333333333334,77.62227167476155,1.2275611434291902,1.2964735556507674e-05,1.1751139914760556,0.5955534092726146,1.1518534486522582,0.5348449726763229,0.6260593309244202,0.7095184113568795,0.49876743624132547,0.36877687783487545,-0.28847111188385166,0.11865258195791778,-0.05627383259570323,0.2997195148949537,0.08226397732302214,0.2863780013595414,0.01841494079660167,0.2402749997166315,-0.10426936774807116,0.20590414571092513,0.36251845451168285,-0.8510701198822069,0.4935183404813796,-0.08478902773696344,0.14042227391990036,0.5139373801587848,-0.7940474680748624,-0.04214233581676374,0.20758965651018213,0.14945994369849738,0.40871843485537834,-0.2717930837715709,-0.17154409278181426,-0.4652662692852531,-2.514020734689809
0.05,0.5,0.1,15000,264,0.8636363636363636,75.93086616759804,1.2897119780926376,1.095490514210572e-05,1.1098111822788763,0.7264019323804471,1.0484308957979376,0.5944415534455972,0.5543554392828504,0.36791690037747155,0.5796110999395153,0.3879439442718101,-0.25860091189967627,0.08945827147214887,-0.08675657824359388,0.3878164278965131,0.09449930896710244,0.05149328669043453,-0.05372087465907153,0.21829934335066273,-0.11528133432519806,0.27650752992833333,0.2480834221710056,-0.839320230382591,0.4266975284457426,0.25340670427229595,0.2830849955381262,0.34317602091216387,-0.7821630936165739,-0.23134769925415577,0.29530287906587294,0.4005845769074618,0.35536751408882566,-0.21296833642848934,0.11770961298522968,-0.6341844268729927,-2.5991047672941283
0.05,0.5,0.1,15000,264,0.9242424242424242,81.07270582159624,1.3132592146942075,1.4535189377380674e-05,1.1293557536688104,0.8234928085814877,1.1006112557165968,0.4047813070697234,0.4983359233462967,0.6291009164479658,0.36227670987089805,0.3172978604584812,-0.047677897485106174,0.1575924108217678,-0.24838193313331375,0.3352350880340727,-0.01433031793573739,0.022804178920413195,0.14942971708668293,0.22548684371468936,-0.005124062066034937,0.29008248424950794,0.34339514333823984,-0.9898589782059176,0.4979565002452621,0.2612900071139169,0.298467710856492,0.5128435744151182,-0.8650615747422218,-0.2213971121700048,0.24664740115608008,0.127263918350254,0.45534825559305714,-0.23858800499401295,-0.1314522328264938,-0.5427745649305681,-2.6157674953817525
0.05,0.5,0.1,15000,264,0.8939393939393939,75.24063316101191,1.3276507491161993,2.836453487722248e-06,1.1010744776054209,0.9160789007962449,1.0260050210765277,0.37574915090419425,0.5531104539332596,0.5326060005889837,0.44149850184943246,0.18718283646869072,-0.27348305232769776,0.14843002693640678,0.060663868135813884,0.2809440455060039,0.0814640214044364,0.15254970424538708,0.020959382893128403,0.28933723654614196,-0.09144340156592262,0.031235109080156313,0.3862079331381971,-0.7918491344475874,0.3204478819046295,0.033915684362484155,0.18920206544667945,0.41270861017828264,-0.8838888348439934,-0.1856447002413103,0.5264557867095657,0.24050679527737592,0.30705638160985604,-0.06095279327968468,-0.05944433027929007,-0.5910069123613861,-2.467406748044673
0.05,0.5,0.1,15000,264,0.8636363636363636,78.49899253065533,1.3782764797582878,2.1643602704271507e-06,1.0528470298001962,0.5997410718209395,1.0396657665237274,0.36198171635645354,0.48250639974214343,0.6996587081649034,0.43008845500205983,0.5106072005211739,-0.1201954971262809,0.1104045039554134,-0.10389548758345668,0.5456990090354821,0.15703465391047777,-0.018883499013521224,0.08676206361638214,0.34568275015775574,-0.011535064887095662,-0.11980634604746204,0.2033918693307667,-0.8359532058389954,0.3959885603202553,0.16437880481372752,0.2618830989604782,0.562382499538849,-0.6798013280412792,-0.2984814184514501,0.30744968716766846,0.1234296398261726,0.48934367871577805,-0.3137614465036772,-0.07498503462968512,-0.7996273616059429,-2.6716029847707796
0.05,1,0.1,15000,264,0.9242424242424242,77.02472291582394,0.8930437932199167,7.27642865675741e-11,0.8183890239854744,0.49175645742216123,0.8442783305737858,0.3472989785742202,0.46568378976133334,0.4686271603187688,0.36834814015914663,0.2497565376542489,-0.02671700779772916,0.09156573682190869,-0.019074727894215108,0.25895798733756026,0.1510480759698372,0.14919048385518305,-0.0035541285187728772,0.1372777565457411,-0.06898118054202759,0.1381594667104839,0.19205589082038318,-0.45091157824839123,0.32631275758824907,-0.03126561268082425,0.08750887682119458,0.3240216555497293,-0.5730391358264002,-0.11449939862174141,0.25197580773238265,0.1194931459571881,0.3109393565045126,-0.028153399700906197,0.13223248966135712,-0.41869771127716365,-1.8992319465204117
0.05,1,0.1,15000,264,0.8636363636363636,85.61451154328597,0.832229529115965,9.288282140894009e-11,0.9243224578134719,0.5520367903318946,0.8211302136186435,0.2919395648188545,0.49696809241977047,0.32462033927218187,0.315301812622418,0.31480862935531634,0.055095229489398455,0.25488268426642774,-0.09148301811175971,0.4238960202771986,-0.009963999771276133,0.08772249760493027,0.011506450589058304,0.3557010871847974,-0.012797175527754584,0.16040178166466637,0.3280217307083123,-0.7429132627985015,0.23127600822767105,-0.014731075027426743,0.156732569894311,0.28879333897648013,-0.4876693467781661,-0.18074092630207206,0.2076113814908956,0.1922993942139206,0.18126987837351222,-0.057135949436087206,-0.04729132139255481,-0.47794449193376254,-1.8394495979956695
0.05,1,0.1,15000,264,0.9242424242424242,87.66741022861324,0.9588909746288754,1.5395305240621821e-10,0.8624134148227205,0.5532458365668103,0.8779042672232502,0.2770655265949789,0.41039555895284274,0.502075083003616,0.3564644606857774,0.22188880106344408,-0.14492276715692648,0.08395743135023186,-0.0252242975342213,0.23362371763941586,0.07862048663399981,0.2382439692317013,0.01651325680849952,0.2231450971847518,-0.004160352797692047,0.09608196746456443,0.25291107766930715,-0.6649412575286798,0.37216731698839917,-0.02389368482530613,0.15224772574368947,0.3389281976016936,-0.601612413478433,-0.1625292846180088,0.13990350695744733,0.1333825795105943,0.3434192929302911,-0.21596604763086763,0.03619619464501422,-0.37901744989858865,-1.875060361906136
0.05,1,0.1,15000,264,0.8181818181818182,84.06453315736297,0.8215014850078627,1.4176111431872445e-14,0.973157842394163,0.5405201158900073,0.751793520653645,0.43184033889093204,0.5197109960995289,0.4587649990073833,0.27848077479599415,0.41327915969089823,-0.1012506441430921,0.039333805603709276,0.035434416108012366,0.4833561990506911,0.13341055556170667,0.09151625650698605,0.09209765004010922,0.1791556834666923,0.015811527392124006,0.09324706948672176,0.11783328977239693,-0.5705748775717462,0.3281829068241161,0.0836626986532217,0.17717520145208923,0.08073520689781818,-0.5449440572978864,-0.09284328867260651,0.30732826770443766,0.047703468663235854,0.4324714684666754,-0.2951172062699935,-0.08074934042534433,-0.18727335151099125,-1.9170028434513977
0.05,1,0.1,15000,264,0.8484848484848485,87.08933894435889,0.9152579424103867,8.608759578860401e-11,0.8335317473942376,0.43473768915066396,0.8608320633000247,0.32385630656250713,0.5249181593790427,0.5413177312984404,0.35001026707182,0.19432396552502287,-0.11202615281219387,0.3154691743138705,-0.017986716197416562,0.13701652230076156,0.037908930643350505,0.11120509081266065,-0.0700681767328822,0.18083186503600399,-0.06547793029294995,-0.0018431116166221422,0.2867736494822729,-0.5698342010086089,0.19871234304291308,0.3391735695821063,0.21577868549220885,0.25974357884180765,-0.5957918171165665,-0.07447301344661843,0.3891765241889462,0.06316336651123582,0.37408747735120845,-0.2114608063177967,0.0957251681147353,-0.48651116186559706,-1.9317778213001193
0.05,2,0.1,15000,264,0.8636363636363636,86.18421243402807,0.56600635184148,1.1401326842944441e-20,0.7002527401249704,0.3084501251386982,0.6564012941402275,0.21655461905530304,0.39883496630045606,0.3249911106783892,0.2946953100088492,0.1261873674587592,0.04378350789002324,0.20894324819309854,0.012534853919885238,0.3029422410631163,0.11970384807944416,0.1387332254168205,-0.06954280216876334,0.2153383178872913,0.01605300018199261,0.10999194969872687,0.18311216138772113,-0.35207632888861007,0.2727272997895981,0.0023942533269776505,0.08367924760506623,0.1502826783369427,-0.3526877158571482,-0.07859739726243141,0.2450301142453605,-0.005512148065071116,0.20121637264008468,-0.0561082619053358,0.07837517683430568,-0.19049334520123218,-1.5917923311282887
0.05,2,0.1,15000,264,0.8939393939393939,84.78473401912382,0.6378107950388742,5.803765147567281e-20,0.5869689699892069,0.3372168607134478,0.627560609549962,0.21256938871219289,0.44693089702297023,0.29178727025075235,0.2042239025440973,0.21256751801573925,-0.11666805277899833,0.1336219730207526,-0.03352892427815875,0.2631301170881367,0.09119676700233567,0.11206189580162117,0.008425089623815604,0.11755209963810076,-0.038877067341182195,0.05506140070580477,0.1468517144299024,-0.4176697077145901,0.13232725377900934,0.08083233689357729,0.08853579553651135,0.11376316623239813,-0.3635660581946202,-0.048648272727831246,0.2741954772627972,0.0460268498785973,0.32624014683415736,-0.19926866535661894,0.06698749846455762,-0.24931167834666912,-1.2325567758324847
0.05,2,0.1,15000,264,0.8636363636363636,91.51227479968281,0.6028964315890425,1.5000803004326486e-20,0.6585507375051014,0.4363659487681508,0.5939308425447412,0.3179108440554317,0.4267448067597489,0.4013236029555801,0.23032029515109834,0.1697164321867023,0.013953990874916427,0.14618376706282626,0.09847200585982287,0.17128322342882168,0.07728260925562194,0.27031463679600554,0.03188353242380035,0.19900444496429895,0.044736226691853107,-0.008217794342231445,0.19036592505336114,-0.4480829016861238,0.2157686143956381,-0.08175463087330051,0.12650701203170997,0.10245768582974606,-0.4113147719077126,-0.029034301341940044,0.16661160872910832,0.01845595735021795,0.26493165220433507,-0.1154945404992518,0.15195553656689392,-0.10452285898429348,-1.3731992121392351
0.05,2,0.1,15000,264,0.8636363636363636,85.2078733659274,0.5278427241819115,7.239817441716634e-21,0.6900109324630893,0.387923881822859,0.5400391181592483,0.196641623753614,0.40485741631272143,0.40639935076891587,0.27158325000698397,0.18271551681584663,-0.0031763545448768304,0.2023452481887626,0.051831699331255046,0.2352855454377628,0.16678127834650752,0.10818131412294858,0.0046845710305763195,0.16896095085831134,-0.0019839469108522624,0.056873735260277385,0.17465977219051773,-0.3735536677994159,0.1593016220477737,0.13382186438784935,0.12505794782366486,0.08479789562550624,-0.3596749667389747,-0.08479758716688662,0.1946131316379056,0.1293177949875327,0.2639712757609657,-0.08183959000025637,0.04954230493070454,-0.383506900475197,-1.2217234049489458
0.05,2,0.1,15000,264,0.803030303030303,83.3044248582126,0.5870713848309792,1.5991339354944892e-20,0.6914580251864766,0.28795828913252064,0.6653656434786597,0.22422517043057566,0.29024889524541597,0.30377253819086025,0.25151975761436157,0.3267873039761707,0.08618646598161742,0.12785802960292608,0.01721112544495429,0.22688356893028355,0.007781187313937302,0.12545041283262004,-0.013452684472742713,0.11152056985181011,-0.01867262443333886,0.10236351339907696,0.19309186175790516,-0.33666895170066446,0.24219293055217156,-0.01679207993467535,0.10951294930720663,0.1781350701190612,-0.3817690503463111,-0.1047542496677584,0.13826222458381815,0.06954102540730933,0.26866431857110606,-0.06626770109694027,0.06454324883242157,-0.2541047671940794,-1.228310287992934
0.05,5,0.1,15000,264,0.8484848484848485,77.87353038148291,0.2986250130233419,6.071169601235478e-49,0.44721552177627133,0.2031628623244775,0.3740161817268623,0.08682496484587356,0.2528820597066759,0.20218038817149142,0.19580104342483617,0.11914915251229763,0.08165185436935572,0.14811743062337684,0.04980381748669033,0.1592438269706487,0.09618117045704533,0.10030994080564301,0.021599919659551665,0.09595411229925632,-0.002536055033374067,0.08380980498886254,0.1249878707053643,-0.23148125664015795,0.1146051068348925,-1.0667006737284583e-05,0.06545080903786907,0.032911179497973134,-0.20165853996511826,0.012005857901784274,0.0900044523610069,0.02137285055108612,0.17182890267918344,-0.03911518830820285,0.07864881720582365,-0.09452214862271119,-0.6398600201612672
0.05,5,0.1,15000,264,0.8787878787878788,78.3341988673583,0.3224929068121747,6.371120158361348e-49,0.41848478571668973,0.16365403325082328,0.3975585720262877,0.13846570988136592,0.25995968853268203,0.17054918558595977,0.17554532055342495,0.11601423711381409,0.06346885728437912,0.07952657951506362,0.0543307065009397,0.1290190311802221,0.10117009310808195,0.11342415741039494,0.02304890583764372,0.16783299016956424,0.012820825848984231,0.0838505692750513,0.1252651627660989,-0.1593925056590762,0.1190946107059937,0.005644503700636862,0.09929087177229895,0.0705910238851575,-0.22988640466709637,-0.010293672578518208,0.11945272263402004,0.025273175233936226,0.18260179535254828,-0.055195643512510745,0.07227967962291312,-0.1536027247052501,-0.781785372086848
0.05,5,0.1,15000,264,0.8636363636363636,77.08082320978569,0.2988650436522184,4.392621882280064e-50,0.40861137076422427,0.2133416137648959,0.38956076860053873,0.09300088524533087,0.24845855267060885,0.2070203966469181,0.14536472269125766,0.12887807776543087,0.018804598006040427,0.1455319924051634,0.06746846000054507,0.20399642468605156,0.08198781082058319,0.1378171172438142,0.006969007349010594,0.08088011964143332,0.020792551299024766,-0.0006520128772070503,0.13368137545731643,-0.18518890690794165,0.15047824616394367,-0.006761670020372644,0.08939886393074745,0.00873066426853689,-0.14955985055455465,-0.08833824457158912,0.1333314689310569,0.029918880226789804,0.1730321779160925,-0.038841397523475235,0.13698720097385297,-0.12141811317852716,-0.6776210677832775
0.05,5,0.1,15000,264,0.8333333333333334,80.92772154907833,0.33026586481057896,4.219665570879947e-49,0.3874103447471367,0.22040282786327003,0.382038399514528,0.11513224661740043,0.2709685935070854,0.22659442610691827,0.15562048800572814,0.13365533814419733,0.04679335842995163,0.17827396017777908,0.07680950650821511,0.1287486508424466,0.1108202976680823,0.09276426462050621,-0.023327575800399764,0.0786717662275583,0.018751858854475473,0.047228582314123996,0.09623159446414783,-0.2031272098681341,0.11087508942923147,0.08548526589033986,0.06049262163334976,0.0365339282496389,-0.18952876499886379,-0.024034472938178363,0.16561609456264606,0.014959189897556388,0.18521210873287497,-0.11040330736486703,0.12023712919542143,-0.1620211868399002,-0.7121779610033387
0.05,5,0.1,15000,264,0.8181818181818182,84.93333458329353,0.2919992046369069,3.94801387101469e-49,0.4345188845179605,0.14013747818716152,0.39709571467690274,0.2214082707344544,0.3401610668062298,0.21266397816234173,0.16110057785336943,0.13458297665053395,0.044624409165929003,0.10332369306370534,0.05483165174884434,0.1696820139198592,0.05971998502064939,0.12114401242507047,-0.011600294768871698,0.06956974692512857,0.026775209948913074,-0.00555011492925502,0.13717833916589472,-0.1595980109315401,0.15277456758844377,-0.048473578262470306,0.07757756731954477,0.030382280041662955,-0.19234649685922028,-0.0013135415079635398,0.23337805223761746,-0.014389178031795548,0.1988027103640933,-0.04734605924425954,0.09432963150002516,-0.03396712522864491,-0.7351263801676147
0.1,0.1,0.1,15000,264,0.8939393939393939,58.966440038085715,2.762361652971359,0.002778572314850249,1.496925502885774,1.0299448059271785,1.9363752315444134,0.7868024188249307,0.9342559217183022,1.027582965443904,0.9283002287017685,1.2932394053584404,-0.6478519182307895,-0.039320203171996686,-0.31145913716217777,0.24233765380836653,-0.23664234887169217,-0.28233780779308065,0.32973282024414174,0.3475284809808523,-0.3599556332160595,0.3713650817228451,0.7960730293457807,-1.2020474622107715,0.6354945980001235,0.15974629363533702,0.5538538821750795,1.4283315284677425,-1.7868311709240274,0.2316816171332594,0.5794391822692793,1.0121417778955109,0.5368297083095359,-0.49916596831734317,-0.15928732909912313,-1.8902181388466839,-4.673332421149224
0.1,0.1,0.1,15000,264,0.9393939393939394,57.59164455544704,3.089996944253873,0.011475265178898127,1.428124777516325,0.8331658876517768,1.8067889266320585,0.7500936303955174,0.780567542238616,1.1986322503432527,1.1957627167789155,0.6391063526290988,-1.0723675728376332,0.027955244642480875,-0.22959591376388994,0.20289651731671496,0.09550950525045826,-0.034436015791213366,0.01268704646021191,0.3163648774690189,-0.5136832469937473,0.3416776422834049,0.8000269870583341,-1.7217684178200465,0.6869378467204436,0.8239693677420931,0.6806930279588765,0.8318033312648586,-1.3285873352202038,-0.46711462711842544,0.6833535216450022,1.1293569184732648,0.3169454026837109,-0.6420072704600404,-0.23827952334751773,-1.3483637922578318,-4.952540697145627
0.1,0.1,0.1,15000,264,0.8484848484848485,56.62447762293829,2.748057956007006,0.011549988442398264,1.6098670071932506,0.9849358634688583,1.6605764181020195,1.0739278666374925,0.9082747255050068,1.637109150077013,1.0015990979261333,0.7061134481813783,-0.6977749880510025,0.33226268275020704,-0.06406730860677678,0.08153394749920392,0.2738885654060248,-0.2710146922298489,0.7491202113624239,0.5759080980850138,-0.05136970318755641,-0.0993837300466182,-0.19324114214391697,-1.6343513660578066,0.9919511271678182,0.5095720697662341,0.6877353615136068,0.6483585287688169,-1.5837634264723783,-0.5039563310633158,0.44092976019882485,0.23824788331660682,0.664148963903458,0.12154719380006977,-0.5876366160571357,-1.687488920810094,-4.97720860271888
0.1,0.1,0.1,15000,264,0.8333333333333334,59.12175091193244,2.4293918851460354,0.010270263333679983,1.7423187169821965,1.9128412553561598,1.706574412957436,1.325462955717058,0.4224061274700044,0.8052832915848541,0.5348011171708644,0.2919997287510503,-1.0820363392737724,-0.06656234289418918,0.007946155111964337,0.49514011998048424,0.06387473325971138,-0.22174864543392167,0.6121628335590524,0.7556925144079212,-0.2803074676814067,0.8067527817175253,0.7583019934442091,-1.950957391397839,1.0133824043325348,0.8169096077041423,0.6808150123087493,0.4867189308864942,-1.609673372252208,-0.4611568345676646,0.7949876204012395,0.5813970087089038,0.34656612483591537,-0.36607141711687197,-0.8386303925608181,-1.2461410694397537,-3.865552195890727
0.1,0.1,0.1,15000,264,0.8787878787878788,50.10615670453493,2.52826968740846,0.0013688646999308433,1.4943199743205082,1.0048083165637172,1.7260944637330449,0.8390787888083956,0.8498919108179286,0.9522595865017318,0.8644523697740438,0.30075662593985064,-0.836665537079113,0.13036954012447993,-0.06714977183519832,0.3650069489626091,0.025969888099435155,0.5745408483831158,0.024199988305906608,0.33853626329963354,-0.40412882000302774,0.20744839196130954,0.6811038142958973,-1.3503127878232102,1.020778248065609,0.17035966062980146,0.6565105045063674,1.505255769405,-1.7837742285426645,-0.47071898474831947,0.7474983731960109,0.2857091459664619,0.46879533435893184,-0.4884057770604953,-0.34271519725571936,-1.1781794998728303,-4.3460708809272806
0.1,0.5,0.1,15000,264,0.9393939393939394,78.28946560153929,1.3823664386548855,8.413995399535424e-11,1.0891038615946256,0.6763201006764923,1.1860461200907657,0.45415727663925254,0.40438324405993403,0.6089585398818321,0.5355686107557857,0.38527214839919127,-0.2585710101566683,0.11700766810308456,-0.08021191233749911,0.33452622641901825,0.033459842232931976,0.12052348488248431,0.11675776273108415,0.17996246391630502,-0.049124680009092765,0.18332432593184575,0.3414112258387693,-0.8574600884025452,0.457562212979071,0.03938794906888759,0.17887327430559255,0.4699370288115072,-0.761776746005794,-0.2596995359651584,0.20779421062066805,0.3288701676612424,0.4973266547750775,-0.2628181347102013,-0.08942552154317575,-0.5515648988164357,-2.801622037764755
0.1,0.5,0.1,15000,264,0.7878787878787878,80.4288861469478,1.4313376007102314,1.0185919009591967e-10,1.150843846304487,0.7238290281578669,0.9749757777010951,0.5465068875296661,0.6928720746403563,0.5720871030083603,0.355566134114641,0.2582066987696086,0.034169386477407304,0.11167938354329787,-0.07314269768460133,0.540824541366723,0.09171495058754292,0.20284969538299336,-0.01236394607980393,0.21245449249399012,-0.025913705711799913,0.006462168933599321,0.2823521303924511,-0.8222815470960432,0.46036364100563487,0.28718530752209814,0.2997520181312443,0.5248890777250684,-0.8276455295825486,-0.26283614646729087,0.23370407591730738,0.25098461352907936,0.43185631289560467,-0.21937877886049523,-0.03934395158817701,-0.596530492035771,-2.6907553201986207
0.1,0.5,0.1,15000,264,0.9545454545454546,75.62282901203967,1.2727138369352784,1.678755409596214e-10,1.0942472260745635,0.7474375118259011,1.061430732623937,0.3335362078013749,0.5345486616175601,0.632212334163246,0.313306209721263,0.45262995756323626,-0.2541076557831736,0.015043346252155965,-0.15183242397227678,0.31767100078609334,0.053669108523242914,-0.017385713154737758,0.03627810365723199,0.45798509732475984,-0.11029055740394646,0.05935712990881496,0.23871620547095618,-0.8262102901061457,0.5685094994361469,0.2123471567063897,0.2840051202401987,0.3749170255329107,-0.7380593592035661,-0.2922364593986495,0.30170736538102877,0.18641575687656664,0.43571365710978094,-0.20532180446295933,-0.08965296874668795,-0.717947981943303,-2.442491490510629
0.1,0.5,0.1,15000,264,0.8939393939393939,79.62198556301979,1.2203778327840105,1.5460117045518387e-10,0.9332696138553714,0.8989401337282206,1.1665601832068293,0.42767656362399814,0.5120204347548754,0.5115142340476454,0.5992399121186726,0.060626283378774924,-0.2985962212550823,0.3890117004688989,-0.16313349185832454,0.36563530839193176,0.06979449343593135,-0.14364742926779872,0.0807931918683312,0.28443286454682504,-0.024879375907166438,0.3576879776285338,0.3411194983184792,-1.0653171972831088,0.2099993721541155,0.24469861400651974,0.2636047026744546,0.3063623210576447,-0.7064290250276616,-0.14446402957471421,0.4658332003739585,0.3747479973161192,0.2835860325591169,-0.22285441965323238,-0.08593675177178699,-0.7481211196001406,-2.352064575890574
0.1,0.5,0.1,15000,264,0.8333333333333334,74.54733910205663,1.1434686267549363,1.7816648711496195e-11,1.2116538374994599,0.5677688483426812,1.1287210420454816,0.6221622695444257,0.6140649578677475,0.5488994795884898,0.5266411220131584,0.42966069566821996,-0.30135245516937537,0.10203019445741109,0.02918351341747287,0.20564174061886778,-0.04321679143166601,0.3767075106665528,-0.03957061488649255,0.17500657085705276,0.03166968309362896,0.1964787514607671,0.2650182520760321,-0.7807181687061143,0.4951733304067244,-0.11539650187358706,0.13311736459810286,0.6118593841031995,-0.788078069818618,-0.11123658492902272,0.28208319908219937,0.06860488228135678,0.4133483110685094,-0.13904793256352865,0.041645958107125874,-0.48973001045766346,-2.4691407904852003
0.1,1,0.1,15000,264,0.8636363636363636,80.59315368524808,0.9040908355355353,6.190515109667737e-20,0.7266976721092392,0.4525457986510498,0.8279401076253725,0.44153633550450455,0.5597004975478431,0.4634158745767225,0.3595394406682987,0.32971929906122066,-0.045004756001879774,0.16223179487731476,-0.014790714779553404,0.35683773658120493,0.04330444204191879,-0.04716083452220185,-0.0039046508052807075,0.16883729963436783,-0.018343211747489152,0.02439334296214992,0.25124154858416314,-0.39103160631668826,0.2811905061084179,0.2503313576852316,0.18594047998715574,0.23355000701002937,-0.5392263481339733,-0.1003519222951334,0.24815474360260778,0.04547689701859293,0.5143349785759022,-0.14558146167620883,0.032507709636280586,-0.48770162148023893,-1.8940989961486978
0.1,1,0.1,15000,264,0.8484848484848485,85.68263957439257,0.8994801438739707,2.8757311060682554e-20,0.9319364747646195,0.4673971614080167,0.9487857526329857,0.3114991199001853,0.4253894537420879,0.2131379313736948,0.3445780900275726,0.3672710618016668,-0.1081732257503743,0.014573326829459825,0.02122972402037361,0.18717077038738955,0.033986018625928094,0.15405107176134636,-0.04928061074083823,0.23046975135174919,-0.07517643820575952,0.020758074425726098,0.18920683982341094,-0.6482957336978935,0.29720684711340606,0.030497501143465305,0.14222744602581927,0.317625110829185,-0.6453499192099127,-0.16589182918076376,0.22815738323177767,0.14917978971968085,0.3298670210775502,-0.1231472479077364,-0.027691396851697404,-0.45245941052515504,-1.7458626956098602
0.1,1,0.1,15000,264,0.8636363636363636,79.00685244445748,0.8082818210651315,6.724759518420347e-21,0.9940654778179214,0.5310056068386539,0.6915298136466459,0.18289110069863673,0.5360093443687705,0.4894864207741133,0.4099904946505032,0.2404251098981393,-0.14744180388126443,0.30676719700123667,-0.041820001342803156,0.26533612242311544,0.08408627921531543,0.14312663062677144,0.007529138171501786,0.2473893462620098,0.03148292473230637,-0.016315167681565712,0.2959728436391773,-0.6024432978564651,0.2897196280684263,0.15840716456473591,0.03424682925037856,0.1821776538334211,-0.5360726203961316,-0.034524058093351864,0.3507210569245881,0.11671098337367168,0.20941543217647843,-0.08335058359149602,0.21122875769135802,-0.21920482269352248,-1.884333257712639
0.1,1,0.1,15000,264,0.8636363636363636,86.55873862292017,0.7571989502216939,5.388268240203816e-20,0.8924562103786913,0.6346237581890314,0.8715699082947124,0.3425265418958062,0.4718742859040641,0.513644273468174,0.3511732187849409,0.2592643343475296,0.01247516728013328,0.22775601906152532,0.056520152308515835,0.4129153483445266,0.08643632158204305,0.29763723872812964,-0.032604421419405435,0.16806729464160358,-0.05660633986788106,0.220941388534798,0.1887212321814046,-0.7053074693436547,0.3168683534058455,-0.133554091651259,0.3168676826873713,0.28530056133355086,-0.4400222431306939,-0.06840626475621199,0.27300884050196805,0.12740987559086212,0.20959037174222522,-0.2409574301916379,-0.09887269304186985,-0.3319463248974229,-1.9349224498638886
0.1,1,0.1,15000,264,0.9090909090909091,85.59873713612203,0.9715346611736924,4.8351829517160503e-20,0.8678677851516964,0.5895892126334117,0.8311026903324842,0.2846261968657432,0.4374737225566835,0.5350298716776293,0.30699821007440536,0.20851033026099097,-0.12436341126136598,0.059814226587428715,-0.047104708280996596,0.17508265702297904,0.1420719360999562,0.15337322905888393,0.0694902074619659,0.23953486524488762,-0.019789518394977466,0.137898838981365,0.19102306394080007,-0.6227205941268061,0.3584448930251094,0.10899602520319103,0.09302019083378779,0.3110272329390854,-0.5697088254743095,-0.13261609086539186,0.16884677601026962,0.09728894213756621,0.28465696828843656,-0.22081138034812126,0.030274718679594297,-0.47507165051746447,-1.8674695123226992
