#Learning Rate,Lambda,Cost Threshold,Iterations,Num Training Points,Accuracy,Training Cost,Testing Cost,Parameters
0.01,0.001,0.25,1,19288,0.7511406055578598,0.019196902077502485,-1.9158629917134357e+278,0.035416283986974106,0.06738867499105111,-1430.0595546673353,0.6678166177448274,0.6668603207386806,0.07005174880058188,0.2816128025301959,0.09502863322258581,0.2262355348506949,0.6163838882892853,-0.4924744862994329,0.2442534578886909,-0.16275969603441637,0.5571410013999163,0.5040449600953821
0.01,0.001,0.25,1,19288,0.7538365823309829,0.03844096797953901,14197.28735610355,0.24452804344601403,0.18165317589008328,-1424.1419626058369,0.2108076863511238,0.8463236148760328,0.8199556982280728,0.6860063774041636,0.8211431518003222,0.7583976114132494,0.09325717821141606,-0.06224162893075624,-0.06462519129493172,0.36641170921957184,0.4260101156660695,-0.028860416900820703
0.01,0.001,0.25,1,19288,0.7519701368726669,0.03283676111729487,14210.987968303343,0.04670443820956233,0.44172159717116743,-1424.8293440352302,0.4613952385750014,0.4764892651275987,0.408162238427376,0.1464629647684475,0.21041249530218484,0.3781840149459696,0.06406044613040322,-0.19394876380432968,0.5457564250364659,0.582792194107761,0.8870835720873222,0.5550070262345149
0.01,0.001,0.25,1,19288,0.7418083782662795,-9591.530239456093,14348.068138467806,0.0020570964058158614,0.880778281360889,-1431.6841412639667,0.22779447569635006,0.48932552998406165,0.09255794797582324,0.569462417315085,0.7531715859650588,0.9395614860609844,0.8100884010258402,-0.9257512820853766,0.37534887514617193,-0.14980360738660026,0.11333917417369536,0.748372703166708
0.01,0.001,0.25,1,19288,0.7532144338448776,-9534.355858359173,14262.436013535998,0.06854766085957942,0.6388657512392305,-1427.4054961607983,0.17516296460856437,0.8929700625939765,0.31813747174855644,0.9047905092539793,0.256548313577268,0.15885911913565495,0.7115380691696453,-0.35268543996312407,0.5779789723454913,0.5421313079287525,0.9476975389383373,0.7392799766247179
0.01,0.01,0.25,1000,19288,0.7565325591041062,1137998.4763674815,-8.289611276882927e+248,13.465181870054204,1.0053295208066406,-1220.1489925578999,0.9774708648885521,4.268985386637833,-1.3838683820655926,-0.36078671821771685,-0.43680210635977745,-0.17566471900518407,1.2136619915134312,4015.4205954904655,283.18800232363856,11.751617109442611,-1.001058174699686,0.5429927031415522
0.01,0.01,0.25,1,19288,0.7538365823309829,-9661.969172371622,141999.61437987073,0.3812505220488374,0.26115041998074057,-1424.276382959244,0.9178836516990397,0.02190328785179123,0.321499043299399,0.9141481034336136,0.07071243319513529,0.27891501899622684,0.20874376930575123,-0.3248689036153739,0.4622831820725341,0.02878193485471925,0.5239233079003499,0.5868156033457189
0.01,0.01,0.25,1,19288,0.7519701368726669,-9677.706337050924,142078.18591870714,-0.16324483807275386,0.4242015575643866,-1424.6703476065836,0.4018886289542806,0.2554299345519593,0.39380882427495845,0.7266652056723716,0.20549698043393289,0.7339777245255017,0.6343857750124215,-0.6531120204830794,0.003602457654891311,0.4886649603911017,0.07533894435856998,-0.10011037229569947
0.01,0.01,0.25,1,19288,0.7418083782662795,-9591.276598820084,143512.93272169153,-0.10565597387985853,0.7442633265961952,-1431.8455196742002,0.9344071997274421,0.37189178160166014,0.4116013349485021,0.8971142932000807,0.28001351569861793,0.47070379690488234,0.27019533393507134,-0.3673010276123584,0.1200601438188803,-0.009924581531490007,0.296338823965555,0.08901364402606088
0.01,0.01,0.25,1,19288,0.7532144338448776,-9534.12393414688,142707.75306084158,0.011637498577328986,0.8200930563556594,-1427.8231364341368,0.9146567912830248,0.03217749132381162,0.33828966129230564,0.7821843192710427,0.26081357111541875,0.5797045049029259,0.4610098530839481,-0.5186068919437063,0.057463490580324905,-0.007255053378503351,0.3900707989966581,0.256798790226182
0.01,0.1,0.25,1000,19288,0.7565325591041062,10738674.2663335,11575343.597486949,13.653959546227616,0.7156675513281411,-1136.6459899241713,0.8436603766736775,3.773913728441495,-1.8029234161246182,-0.2080272099663445,-0.7979744207995745,0.1367431615259021,1.2694879094769203,3894.8033904616877,272.7521296062861,12.08516222330066,-0.5910204768848581,1.0374575353376296
0.01,0.1,0.25,1,19288,0.7538365823309829,-9658.81292451312,1418691.5829455038,0.1890692494196864,0.7710483408305331,-1423.6217711391157,0.06948585005582296,-0.0512889287957394,0.8726265912361193,0.5938607345838056,0.5110510971068959,0.7799909672503106,0.11464858116190661,-0.6153209961963154,0.5166688698267168,0.18174663268306163,0.045861435148174826,0.06270952109057326
0.01,0.1,0.25,1,19288,0.7519701368726669,-9674.918506283288,1420501.2027845755,0.3595096229686326,0.6609901942830169,-1424.529418132717,0.4830232353925999,0.09425344884169017,0.06579004882209513,0.30961035220057115,0.6201670120956779,0.9292330176719653,0.3231281040303947,-0.6416178637283684,-0.1915521776163333,0.31552549947928815,0.7486465353104031,0.018182034744697637
0.01,0.1,0.25,1,19288,0.7418083782662795,-9588.755249022533,1434380.1407163562,0.1091849441742635,0.9724978447985057,-1431.4715218704712,0.01121742910563658,0.30165869951627405,0.8349876538411505,0.8697850724672533,0.1806105174477586,0.5698993897018064,0.518922643069212,-0.7157330193973015,0.10021555443711394,-0.2843107362585465,0.19091394010432655,0.26734012359590764
0.01,0.1,0.25,1,19288,0.7532144338448776,-9532.875365372187,1427608.3718348863,-0.19027853146255524,0.3230227778916886,-1428.0894836634639,0.3582933171636689,0.04579219684485694,0.26338265566649155,0.43495092605694646,0.1044599357722873,0.44012083832956067,0.21792230673265336,-0.2541512334034348,0.13336853908581608,0.3010174912248905,0.05629577461878014,0.14887455091130364
0.1,0.001,0.25,1,19288,0.7511406055578598,0.032985824427331646,1431700.2387962134,-1.7604596456173796,0.6800754532683624,-14301.34563380255,-0.24900239680940167,-0.1515902573295791,0.31824473909274936,0.4121653551691755,0.655552469162378,0.4929037185232644,0.14618714181191478,-9.710699700860832,-3.7934536309168196,-2.302114712626577,0.0720090810967195,-0.06607197506523017
0.1,0.001,0.25,1,19288,0.7538365823309829,-9662.239569880237,1420316.0634002644,-2.5693661759510444,0.3819318799679792,-14244.373582545108,-0.082660144374853,-0.34166533891974205,0.22086575488520965,0.3071046654084636,0.10251187033345444,-0.013604283332306878,0.11658790032987595,-9.506243760628573,-3.7345944243998144,-2.0799728212103283,0.5759693302234319,-0.9887443100028286
0.1,0.001,0.25,1,19288,0.7519701368726669,-9677.918595516758,1421885.316585098,-1.8555626384823074,0.6637980480487521,-14252.239549587992,0.010318927318068494,0.1035412270062327,0.4995418220364287,-0.0024640131392780207,0.6446946740027648,0.8378895751024434,0.6326736184659766,-10.780514498023063,-3.7708294892589516,-2.3479826807073203,-0.0726528087059852,-1.0310388626218658
0.1,0.001,0.25,1,19288,0.7418083782662795,-9591.530993648228,1435139.691539438,-2.2710088142440217,0.5577364939468968,-14318.513706622734,-0.10372926678663846,-0.07774493016305073,0.7715268093600209,0.5019867347022587,-0.1365882112809928,0.45334781722736517,0.26576673710909987,-9.835061632203601,-3.2048479805939225,-2.740058728391096,0.18066730850462867,-0.809561607978932
0.1,0.001,0.25,1,19288,0.7532144338448776,-9534.370444201397,1427787.2288924197,-2.1441750868792115,0.5718629912049299,-14281.788285774772,0.020084209764552885,-0.40072929551355807,0.3573508258027514,0.5951284043755418,-0.08439920185772737,0.766965496152028,0.05982778481576918,-10.391607731107378,-2.950587348645897,-2.13552307753173,0.26370769172531616,-0.8928536873416412
0.1,0.01,0.25,1000,19288,0.7565325591041062,107379085.11511385,115744525.09886035,129.16757700577767,5.5176527858753275,-11365.828600483042,1.5569967020480546,35.778605944031256,-18.03707604860288,-3.719626253735017,-8.573831344057144,-4.158988417905589,4.231042939149264,38946.70416720028,2726.5596080554697,112.38785879765258,-13.67429696372312,0.76222933653382
0.1,0.01,0.25,1,19288,0.7538365823309829,-9661.979818568072,14204661.032393178,-2.34062844479252,0.7344846310633992,-14245.125918072976,-0.11572347120887116,-0.4339709677013307,0.6349066343436465,0.2562412202672826,0.04364669433117552,0.6688818953343001,0.39361832594551543,-9.674734198253343,-3.3774022469372262,-2.054395620248634,0.32198422152458217,-0.27620371443094316
0.1,0.01,0.25,1,19288,0.7519701368726669,-9677.624262453566,14218606.535307495,-2.6267476194379658,0.5677578722756521,-14252.116465322428,-0.16465993604173723,-0.22813309536303694,0.7149504805465056,-0.1297752157197855,-0.1280211366149912,0.47359816240256014,0.8107515357831072,-10.062184203257026,-3.396056816098076,-2.2035166223611844,0.6322433359613473,-0.2701185780238346
0.1,0.01,0.25,1,19288,0.7418083782662795,-9591.227130758956,14350575.679201122,-2.27332145113146,0.3027227360240462,-14318.103931042888,0.5108760074326868,-0.7227886599578863,-0.08946715762694901,0.28007808625278446,0.8009615806956897,-0.02482864722976967,0.41260847193897376,-10.017073852932844,-3.035958882237404,-2.6793238150036807,0.3590983935454056,-0.1063369967125686
0.1,0.01,0.25,1,19288,0.7532144338448776,-9534.13886792061,14277742.39131806,-2.704799952728897,0.46975158950363183,-14281.722747181373,0.11172726079986767,-0.45436644721631947,0.05220313448192465,0.17545616525536112,0.7494508002509965,0.5374062077213497,0.45814970869453886,-10.826966701071331,-3.1858668728895956,-2.638742810669113,0.7966739334992808,-0.4298905109585354
0.1,0.1,0.25,1000,19288,0.7565325591041062,733574379.97042,665234276.7822871,96.3506902455276,4.117154967126588,-8430.33973796019,1.1316214084430924,26.547119905241452,-13.291317360158391,-2.7801288344468134,-6.4999587290026,-3.332664500988134,3.1403134373514368,29582.8805294612,2024.821844456766,83.50630190357907,-10.08726745222778,1.703049584591818
0.1,0.1,0.25,1,19288,0.7538365823309829,-9659.041593232796,142046311.63159013,-1.89937275850985,0.6078471425844166,-14245.111222359583,-0.21858322507706818,-0.07034171277339152,0.10660455018008874,0.3325246362210952,0.6013077586526065,0.27161373973535047,0.2291222321087148,-9.337043112630287,-3.0330823810596876,-2.7290368088624852,0.3569699968267657,-0.233681039038999
0.1,0.1,0.25,1,19288,0.7519701368726669,-9673.466385246478,142174679.25771838,-1.9602998229454822,0.665953895566546,-14251.545661271095,0.18677684518177023,-0.33761936195802633,0.5894295197675483,0.06591374873912775,0.38905160524241394,0.76544910899174,0.6564225698043358,-10.436527000155067,-3.0406923700219446,-2.4656312979062514,0.8469159014464157,-0.8483148814563766
0.1,0.1,0.25,1,19288,0.7418083782662795,-9587.204553713977,143515895.5884049,-1.9849437269400356,0.7631813104765571,-14318.609516716424,0.19732664686412638,-0.017629270102640593,0.6480141697326529,0.40518452934701515,0.7640596527080634,0.4460449649806992,0.8882830666379655,-10.196011357797667,-3.1803844550451355,-2.9310877281475594,0.3299733524687445,-0.626758794131767
0.1,0.1,0.25,1,19288,0.7532144338448776,-9530.461685911992,142769469.21606854,-1.8630943254744885,0.4450697928595774,-14281.325526856306,0.3561629071431046,-0.010054680779824632,0.8809762793787157,0.31593222227340795,0.1746252144592421,0.6857963402640022,0.4228977545164831,-9.957779005091476,-3.7071395590429184,-2.7441772787240617,-0.08856961996335039,-0.8405852827835347
0.2,0.001,0.25,1,19288,0.7511406055578598,0.03622795017944999,5726759.531548209,-4.9546710399527445,0.21399582992371746,-28602.587282020893,0.2696413343669303,-0.797948727044401,-0.04414628140544119,-0.5357631580743841,-0.21166287835303244,0.6338175020423766,0.8866975657797491,-19.988353502648174,-7.3348583539003425,-5.010479540262871,0.12727176322791178,-1.6851206246991988
0.2,0.001,0.25,1,19288,0.7538365823309829,-9662.232683143877,5681901.880719195,-5.443290587104747,0.5372250988464091,-28490.345246913574,-0.21042317963828938,-0.9825511344762816,0.213027159316595,0.09819734725379325,0.42722248131509655,0.3648248076854377,0.6484344859993585,-19.570838951377766,-7.226233694721114,-5.415595486146134,0.31962487068187634,-1.9421205320399852
0.2,0.001,0.25,1,19288,0.7519701368726669,-9677.916878254979,5687422.3841508385,-4.537404862192821,0.15080049070743914,-28504.181240323003,-0.098500397518966,-0.9430431229482449,0.21995219874917837,0.00020018754417139295,0.26500414749984325,0.9231630993204807,0.4761107721837756,-21.30839917777986,-7.550349002584536,-5.471114258230605,0.3798623859661657,-2.0268475600627833
0.2,0.001,0.25,1,19288,0.7418083782662795,-9591.52487219275,5740590.628980965,-4.957631462599124,-0.06900671366666339,-28637.106004509613,-0.4881189875337659,-1.352840929495223,0.6043222262284669,0.22510051276895815,-0.06892231148052741,0.6981715877614953,0.6842313950315425,-20.71789782948862,-7.022554926686475,-5.355239296189741,-0.03847317903904829,-1.9494776605291966
0.2,0.001,0.25,1,19288,0.7532144338448776,-9534.376853927128,5711125.161390448,-5.392018485564724,0.5746967714404607,-28563.515960438475,-0.345763899873734,-1.087807204536033,0.460280417304075,-0.7073827620974541,0.5792780288876879,0.7331338750944703,0.059419690941306086,-21.33624282546937,-7.7806920460995075,-5.538200615051788,0.5400164425153511,-1.6657741573825038
0.2,0.01,0.25,1000,19288,0.7648278722521775,418056875.48657936,403855765.8105413,251.63212607312622,10.083190003137748,-7124.484272701755,2.6076836068091587,68.72945903225276,-35.001768138506684,-7.384741691704052,-17.63877914980905,-8.352091775665656,8.383527327709272,75434.71910668092,5300.422691965144,218.8130715494932,-26.80504382752855,2.1533666811613825
0.2,0.01,0.25,1,19288,0.7538365823309829,-9661.883398715227,56817519.459540255,-4.508366309319738,0.7187248836837032,-28489.969368993254,-0.3498590381474121,-1.18820311680931,0.7813685285023919,-0.07187275597399978,0.22286923369201112,0.08210919682768897,0.6121294575728419,-19.84941189594935,-6.849147324176526,-5.51700575173162,-0.20986113417401348,-1.2549572959827775
0.2,0.01,0.25,1,19288,0.7519701368726669,-9677.571693711754,56875466.8288669,-4.815776114309737,-0.007808861606698386,-28504.492896994874,0.1179043281307054,-0.5017481581782078,0.22654234035446738,-0.5567558639328521,0.49232818700611264,-0.04090197481297035,0.5878629757661762,-21.170817640573794,-7.54064611866879,-4.900775306760485,0.42209577908797213,-1.1070487520013792
0.2,0.01,0.25,1,19288,0.7418083782662795,-9591.22591137366,57408204.53531929,-5.4031925452679825,0.7285006964773661,-28637.678873251713,0.4689550742985471,-0.7351304627482054,-0.07013785486599267,-0.30066218502720166,0.16798502725592324,0.8236081281012355,0.8380906749413953,-20.875235850369986,-7.379042583982701,-5.845879813572844,-0.1003890434521611,-1.1165195397871182
0.2,0.01,0.25,1,19288,0.7532144338448776,-9534.070893318065,57109529.59866599,-4.943201034077072,0.1172014914625939,-28563.085653439113,0.10371348031626271,-0.7161158734738995,-0.16769556388198473,-0.6134995003726784,0.5100533469354571,0.7570945809384185,-0.03390725970103278,-21.19757726349315,-7.509691776886426,-5.352390412398462,0.4472135818908404,-1.5057173938718995
0.2,0.1,0.25,1000,19288,0.7561177934467026,1915082218.9719503,1660533983.1571681,143.83773297582462,5.5002898602782295,-15136.826751614537,1.352633612317911,39.3065780484046,-20.116483587306544,-4.776264355068282,-10.12564129800211,-5.130618021252508,4.6505750822787455,46194.13930240028,3021.697291041448,125.06071156177393,-15.344816525978953,1.7318488018796374
0.2,0.1,0.25,1,19288,0.7538365823309829,-9659.148183798892,568189396.6421064,-4.859925741931147,-0.004065852170402118,-28490.325353095246,-0.2582889860218635,-0.852341121092181,0.5021358979885859,0.2665770228605153,0.2183015288294784,0.8470632663839653,0.4864082417736155,-19.53203132318434,-7.576825803291878,-5.887471085349335,-0.1679313047634009,-1.8708124375908057
0.2,0.1,0.25,1,19288,0.7519701368726669,-9674.154111925078,568734851.8160365,-4.857915363126537,0.6944982614443007,-28503.995933340502,-0.2931036776863577,-1.0453111261496328,0.7687621338809314,0.18506031810084567,0.4902417781422194,0.09723708565323917,0.19209011335670878,-21.35451216455833,-7.684042629253347,-5.828188535375432,0.607974139864619,-1.42036143981698
0.2,0.1,0.25,1,19288,0.7418083782662795,-9588.244999943352,574088428.3260225,-5.1146941201700065,0.22056657092200865,-28637.838096613516,0.1338689223337869,-1.0914925303708818,0.5734569333078249,-0.4117283853973134,0.29381793891554564,0.7815554984544202,0.8367922917503653,-21.02096669382081,-7.094500113676656,-5.799595844855692,0.41246120592140184,-1.4900720827424287
0.2,0.1,0.25,1,19288,0.7532144338448776,-9531.617861954355,571120163.636577,-5.025743707652772,0.5881214141119118,-28563.707303806823,0.05191226640588387,-0.7173370304021606,0.27521076169239356,0.008145143638380814,-0.3160989239859381,0.8241734374674038,0.31912465767097487,-21.46680054518584,-7.170741847147798,-5.813019137908587,0.04866002335020114,-1.4373243400827151

0.01,0.001,0.25,1000,19288,0.7557030277892991,0.7075014078695108,1.6733197495266419,-0.051206964182207756,0.18757821853846005,0.30884695610070173,-0.029598708152638233,0.3744883138438708,-1.1312632272304233,-0.2473722191522801,-0.5472170081235094,-0.03190596570950009,0.3130415378338097,1.111356966871841,1.0095142340968344,-0.06927434098025727,-0.05395756216454641,-3.6674381551493314
0.01,0.001,0.25,1000,19288,0.7596433015346329,0.7985501951259781,1.8544443424405175,-0.06003154874408413,0.34623890165601273,0.26766545656758667,-0.03614963712118907,0.31229449454742614,-1.016271960574113,-0.2708136505703472,-0.7836445998576982,-0.2531859483528417,0.24743219956228107,0.7696601217217085,0.8753851514986497,-0.07348130982225329,-0.05085246293837356,-2.83845896634665
0.01,0.001,0.25,1000,19288,0.7695976773123185,0.5456507827112789,0.9544462518516984,-0.013948725294696408,0.2252307578006185,0.16446989326617983,-0.04621200368460606,0.3330836005493908,-0.9557707820649898,-0.2744773603312356,-0.6963911439143838,0.11195868666719583,0.891484533257313,0.9874126408093152,1.0393587959990516,-0.03916618961941598,-0.05358960514392788,-3.208183159342909
0.01,0.001,0.25,1,19288,0.23475736209041892,-4.524115155028452,2.37937221822217,0.18786801589388358,0.5582227831445555,0.8842024911013345,0.44251560321506883,0.6058246811205048,0.39812624236243654,0.45039667208458645,0.16093294223104293,0.29353837431950347,0.8139021043772605,0.23265468584994267,0.9988633967459482,0.696973100796515,0.9119706221834623,0.2780934511220806
0.01,0.001,0.25,1,19288,0.2563251762754044,-3.070467841409785,14.04530579517693,0.05999388080887935,0.01841785819361448,0.8921057867976099,0.728347161726925,-0.02967315134586239,0.2706688475494796,0.21325009052251592,0.3609734495901915,0.7212437181016027,0.5150042956047723,0.9150765407993805,0.769623334923466,0.6738708846526573,0.5557837120707299,0.32242000659101

0.01,0.1,0.25,1000,19288,0.7619245126503525,3.6125355237514536,4.765779498059796,-0.06592441049974815,0.3787806610792095,0.17056223711768428,-0.06291118251432924,0.30958811492594696,-0.8265746022621774,-0.32756454034590915,-0.7712497895319897,-0.09422635056521964,0.2502977144074509,1.0935613510217979,1.0123159174051772,-0.08440915036083911,-0.04760962805231249,-2.593574000504892
0.01,0.1,0.25,1000,19288,0.5134798838656159,3.9848716671418467,4.786756622953771,0.0749571595919405,0.4114549411155321,0.5308466344974601,-0.05307764115090339,0.3734162707387166,-0.9611340003120667,-0.28870033715601595,-0.7254702695094232,-0.08987637915060849,0.8494117661748668,1.2778636950992424,0.4509187953209379,0.05577779244383213,-0.050898609352655465,-3.295542492500282
0.01,0.1,0.25,1000,19288,0.7899211945250934,5.502965998596608,3.2191219752168143,0.020241549484615096,0.18539430540492471,0.26444175503674766,-0.035817172931720986,0.3473252887444645,-0.8472245083734844,-0.2709365723054026,-0.9559340670145857,0.1222003793473106,0.32091843310371054,0.8878911737507392,1.0014240351046109,-0.010264387425838878,-0.05488606491037535,-2.805467392759395
0.01,0.1,0.25,1000,19288,0.7583990045624223,4.054257872127957,5.0953880358228485,-0.05956774698142422,0.29003411913586175,0.5224555156384769,-0.03481513139954515,0.33434152923111277,-0.9524579756414041,-0.2763719246621017,-0.7664237709699411,-0.2521861329212277,0.26619407527640637,1.3238888880539883,0.8802919336188388,-0.07612485650097847,-0.06118175987628103,-2.7801197992559437
0.01,0.1,0.25,1000,19288,0.7420157610949814,4.454827357538898,6.205392504369114,-0.1156629461695394,0.2800655399824627,0.36870849347274026,-0.0407672979343357,0.3100893670685243,-0.9347281672983361,-0.26854274847432036,-0.6740021674078542,-0.19244448422068794,0.8134203671615365,0.9776477808658481,0.9054231614278967,-0.14668470994706292,-0.05363719184949119,-2.908961731430998
0.01,0.2,0.25,1000,19288,0.5024885939444214,5.48884000284795,6.326402683173924,0.07682196610414947,0.33621514345744846,0.09473961393917482,-0.03892683221554345,0.37844181455134757,-0.7840241565027211,-0.2935015164039382,-0.8837648109206968,-0.2736154112760958,0.6861483824795414,0.8016972805780965,0.6983658630338182,0.0608932148630726,-0.04109906841848377,-3.1970290154292953
0.01,0.2,0.25,1000,19288,0.7548734964744919,6.775956555306217,8.326042502821714,-0.09780555805117357,0.2759240444243299,0.49324441831335586,-0.0548536121511299,0.33265862218470493,-1.0660520378876843,-0.2738243965615582,-0.5057505745722783,-0.269161027260563,0.5376053927384971,1.0301333845503962,0.7972648457348526,-0.12591752504081205,-0.04932449465332459,-3.271149723087247
0.01,0.2,0.25,1000,19288,0.7573620904189133,5.681636271136032,6.6203068203981745,-0.0441547817105469,0.19254567077498141,0.21747354493141843,-0.0459929769769589,0.38570546036345166,-0.9953823130047443,-0.32058752656405715,-0.6890697779659093,-0.03404532006575781,0.7718950844585933,0.942888712050899,0.5192352686859224,-0.07308867422605483,-0.06134909438032455,-3.6504926983660457
0.01,0.2,0.25,1000,19288,0.6007880547490668,4.983010775048764,5.527739643093836,0.06296275599711079,0.18001080447802453,0.044514001033484164,-0.029093785149557377,0.40772463511516177,-1.053684849983599,-0.32431634108184454,-0.7808294025854844,-0.0241794471200901,0.32138516823175883,0.8654461380415474,0.5365790558440721,0.045499015116631854,-0.06755503547910396,-2.875857206923004
0.01,0.2,0.25,1000,19288,0.7967648278722522,7.507226783776735,5.312573962149103,0.011857566274540668,0.18850170610237582,0.1541077302680855,-0.026142076121791938,0.40768768904177977,-1.1767819513552236,-0.28807159599982,-0.5264062830103088,0.07242295014275492,0.35775260636488454,0.7838164097055244,0.8562466578068189,-0.013597594258490303,-0.059628753268770485,-3.3076246681232604
0.01,0.5,0.25,1000,19288,0.5576524263790958,12.9465501796494,13.639407994117978,0.06938849264999167,0.27639640914882174,0.11356675690998674,-0.051203344041994336,0.3997243451105833,-1.0917638272269299,-0.33072168777798705,-0.5615578764614404,-0.17615506648788998,0.3984196717246293,1.13166274596729,0.441041477940978,0.04636333558847615,-0.053974672950140024,-3.121088488127492
0.01,0.5,0.25,1000,19288,0.7513479883865616,12.279499155473689,13.946015068936038,-0.1000026662822852,0.30820459505013115,0.4188430787585014,-0.05876769007301766,0.32419671016886964,-0.8956750333353674,-0.2974749464284921,-0.8021275719004841,-0.2344622621667521,0.13402423050856235,0.8601892489907867,0.5903703828104926,-0.12700037431166095,-0.05065018809315201,-3.3387843933363044
0.01,0.5,0.25,1000,19288,0.5118208212360017,12.012244488582422,12.278409103663762,0.07635765453603714,0.31540989583477874,0.04142831295344686,-0.04902797369290803,0.36662908165679337,-0.9176303568754981,-0.33006425919368587,-0.7501831986331001,-0.17600454149370437,0.5868082868378536,0.8446599116469903,0.48481006844337615,0.05698832393521262,-0.055401833451752536,-2.9115315709661775
0.01,0.5,0.25,1000,19288,0.7735379510576524,14.93765976406696,12.360299074685392,-0.006209519599662261,0.21923932719863268,0.34484285344445387,-0.0377556210991674,0.3955372982670238,-0.9195571305668573,-0.33984902311725995,-0.6406334729968257,0.03907916471659656,0.7480698835636562,0.8426919137629046,0.577583680948226,-0.02852095704242555,-0.07589622855864568,-3.802761742971341
0.01,0.5,0.25,1000,19288,0.7445043550394027,12.863425046213905,14.552016795855854,-0.09264759563881608,0.28421287748281254,0.1372564181028904,-0.04286630104282743,0.3603233634083757,-0.9755563520424437,-0.33375768561015257,-0.684028144788419,-0.028633221942252735,0.44088183965024563,0.9648206648323784,0.6383140816828325,-0.1271659249711463,-0.06625752385858451,-3.408641845094113
0.01,1,0.25,1000,19288,0.7756117793446703,23.372889271617595,20.643103639952717,0.007451235079566049,0.1601791125230667,0.26333060474206715,-0.06478733019876647,0.3608975273985539,-0.962802029818929,-0.36041334008206133,-0.7315805614749055,-0.1980710322211478,0.3810974679515613,0.8140083917276603,0.41698349514791744,-0.03096957207466769,-0.06733147010220232,-2.7275112546379403
0.01,1,0.25,1000,19288,0.5062214848610535,17.16414766975847,18.053738143001965,0.08906369246157143,0.21771733771258456,0.02356174053066998,-0.06594251443815455,0.3755871251473181,-0.8788489189477163,-0.36816974690421517,-0.7869904075792996,-0.03749047553131488,0.17796470116255927,0.5518406829022827,0.5407094369823212,0.05858446672098262,-0.06723812354545723,-2.9984156465933762
0.01,1,0.25,1000,19288,0.7536291995022812,22.038673992744357,23.732175838105032,-0.09942608436991537,0.16462962317947527,0.2703200732960878,-0.07242755169494135,0.33544699494465907,-1.059207630503965,-0.37986549416354004,-0.5563485954543028,-0.053607317763434296,0.394077379745007,0.8351462119956283,0.5070220051054377,-0.14532226422750788,-0.0830379036950221,-3.0362733382854605
0.01,1,0.25,1000,19288,0.7704272086271257,21.581854320731704,18.852942973554033,-0.0004543668894428782,0.3091739049454869,0.26880168232209467,-0.0559736631763346,0.3506364799917083,-0.9432503605309149,-0.39420064714228964,-0.6817671331126607,-0.029000309208556743,0.1700302479133136,0.6690553506759612,0.5367097892157702,-0.029948973189003927,-0.0906212547640161,-2.698175416494988
0.01,1,0.25,1000,19288,0.7513479883865616,21.81292110616803,22.256238591810376,-0.014630004710005924,0.3054819571917206,0.014967388171094526,-0.03832631053133825,0.361913015593951,-0.8212486746042035,-0.32118134691196365,-0.7348297744828808,-0.09911036933161316,0.558792512951049,0.895078670324124,0.5999915693641511,-0.03584090565203505,-0.06175096699447863,-3.581386773121004
0.01,2,0.25,1000,19288,0.758606387391124,25.155657356725378,27.1731531236675,-0.1069487692347152,0.15156977939066044,0.06651449335189073,-0.07923246186917901,0.3046445322935774,-0.7756518507389689,-0.37319896170759675,-0.5751735203357231,-0.1473274430642604,0.15381435037598917,0.5111303027927872,0.3734570153292042,-0.159747494149481,-0.0787807105666554,-3.3275263264343895
0.01,2,0.25,1000,19288,0.7550808793031937,27.78312259852958,24.760785712527763,0.007638888732064766,0.1947607450881273,0.05954163214261792,-0.07320852561562638,0.32990375994414933,-0.7797445466178559,-0.35325729073404744,-0.5778257252592732,-0.10717432940230069,0.28865478112080206,0.4707461119572558,0.3853240022682622,-0.04347399970741704,-0.07592447691673197,-3.576198033601633
0.01,2,0.25,1000,19288,0.7579842389050186,26.676897118205833,23.571494211673457,0.007005243583576029,0.09667046066873547,0.05510853569710431,-0.06860145249035873,0.31416908360843854,-0.789584833060282,-0.3517541277033849,-0.5843794337729766,-0.11185003903419179,0.2178615317746413,0.49987742414944353,0.28652170262515597,-0.05289181680029112,-0.08311857930341014,-3.019127796778128
0.01,2,0.25,1000,19288,0.7527996681874741,24.572637481754317,26.882875145055856,-0.1173669793074832,0.12696110650678563,0.07638527400035802,-0.05737585192245175,0.2821283106619346,-0.7570072437306443,-0.3362829584296142,-0.5199823572605307,-0.1405953119804047,0.13157419124355293,0.5758205340304883,0.4217868249733256,-0.16220644152301494,-0.09032651675172015,-3.133460656886963
0.01,2,0.25,1000,19288,0.7407714641227706,21.633479171863993,24.128979806951858,-0.10817785375158505,0.12159538262177577,0.08287446217134058,-0.05303703109207669,0.29048958463383656,-0.7287180379481125,-0.3221098169893869,-0.5557919034540615,-0.10485428071682182,0.15336638190920696,0.4220911802146777,0.37413862766726774,-0.16472024325770152,-0.08155546042631562,-3.3294484606495045
0.05,0.1,0.25,1000,19288,0.758606387391124,62.14990257925649,71.36980789426032,-0.4995858922675961,0.9461280806807435,0.3343642464515216,-0.3711637255728196,1.9911988205756308,-5.651025867379448,-2.195724672701058,-3.9866416217284364,-1.1433277430413722,0.9790441642189328,3.3255986462566924,2.4474848130781646,-0.8169019178640725,-0.4305766838914554,-14.753862713675087
0.05,0.1,0.25,1000,19288,0.7509332227291581,51.326036281354206,61.65393947629462,-0.4618110956811198,0.7363587254578624,0.4814011490786337,-0.3226764968426095,1.7364496733041677,-5.061745917599948,-1.744128846353837,-3.7083266832321926,-0.9907583824338747,1.1072767032058473,3.201615683509589,2.2255434961979628,-0.7973185151889741,-0.37705480194244995,-14.134555564856605
0.05,0.1,0.25,1000,19288,0.7527996681874741,58.9487375590877,68.74120422506361,-0.4771865298994282,0.728351641306822,0.39688373445265995,-0.3033321673589291,1.9120689864577718,-5.649020597801662,-2.049925249694863,-3.9529850326299174,-1.1242300523352384,0.8084190620931958,3.2100007202143743,1.9854681925731388,-0.8622642010856969,-0.462288527342404,-14.535888770298087
0.05,0.1,0.25,1000,19288,0.7527996681874741,59.72726356732389,69.82345795802408,-0.5619068357892161,0.9415910595223785,0.17249048920430632,-0.21510799294442515,1.9354574019896438,-5.636947414892112,-1.9848104346133346,-3.8074486252824093,-1.1258954621467956,1.2361330224752904,3.381802381226577,1.9409270973105708,-0.861223887172142,-0.4825385636232484,-14.80827177159675
0.05,0.1,0.25,1000,19288,0.7407714641227706,55.6026546566924,67.344768694734,-0.6093271431915495,0.7370011594269166,0.5423739165957772,-0.18642276351309484,1.835017111213189,-5.344760334327405,-1.696622448086062,-3.7568959418491885,-1.2147098216313874,0.8733062548280903,3.0954286876718147,2.1523002155296975,-0.9430537030730562,-0.39660203347766604,-13.997752687695865
0.05,0.2,0.25,1000,19288,0.349647449191207,77.3012820646858,85.16560295511546,0.5590007238239144,0.6238242067594542,0.2033905408289053,-0.22854283296495093,1.9171880243991597,-4.605455146762636,-1.5865775254646832,-3.308445816040807,-0.9098417691268236,0.8861531402857291,3.0598135500014947,1.8080616788515338,0.3456525901101497,-0.3305953152353313,-13.840751297250835
0.05,0.2,0.25,1000,19288,0.7583990045624223,84.44964050846335,70.60736260170256,0.043046876614872276,0.5567829067189302,0.1826492960436225,-0.22809449700036513,1.6941414241884292,-4.441099775735066,-1.4023494386629032,-3.204180421133376,-0.829770913763893,0.6818145536301357,2.9161447659580784,1.6848870777757314,-0.19639312096890027,-0.3073198086727638,-13.942934152172773
0.05,0.2,0.25,1000,19288,0.36084612194110327,73.59426698279654,81.53865508717243,0.5637458828359643,0.6706416401291421,0.4155399112878328,-0.1816652440004472,1.8742939891748793,-4.558824564327839,-1.5177373757810728,-3.1672306497424256,-1.111974542343417,0.6506335818507851,2.9047954236871005,1.7989951485064617,0.32970509941661424,-0.35389368850536335,-14.205876313801877
0.05,0.2,0.25,1000,19288,0.8009124844462878,78.38424873723486,65.25983894677918,0.09664433734811151,0.7081495568634112,0.29672132087623687,-0.1001883292675432,1.699619375501354,-4.382778927423755,-1.2659617616993202,-3.0047956242638723,-0.9563865158187497,0.5798506815909733,2.813310339503359,1.7009471052412901,-0.07125462061898102,-0.33925625839323587,-13.462902273599411
0.05,0.2,0.25,1000,19288,0.7422231439236832,84.29304141266675,70.21415076579831,-0.27995612281960003,0.5720833317781164,0.3762696827044698,-0.10658604673626372,1.6281847506360674,-4.068225611149154,-1.1455966050069235,-3.1012329806816727,-0.8520149539005414,0.8232532839795607,2.810635464094613,1.6767407495213962,-0.44113202119725003,-0.3088726197266803,-14.12792586282067
0.05,0.5,0.25,1000,19288,0.29966818747407714,106.00025625453586,116.8825436587058,0.6105541297201644,0.48652956048964446,0.16522492064145497,-0.30038258951737307,1.5874222728955838,-3.4169247166623813,-1.4974729667263649,-2.521968169201385,-0.8190631831966834,0.46042677367856544,1.9206033500080304,1.27526116817685,0.43114993139896085,-0.3687999953473658,-14.837220059202636
0.05,0.5,0.25,1000,19288,0.7507258399004563,87.48379978023989,97.87687522167009,-0.34727379888383036,0.38856169041751715,0.16674771510767,-0.258123116206875,1.221274040293941,-3.1724267281895466,-1.134732160595846,-2.315954717460124,-0.7300085524613137,0.3884322503032373,1.876830706678064,1.1472854764084737,-0.5066753186185643,-0.2809649869566148,-15.180138397821567
0.05,0.5,0.25,1000,19288,0.7718788884280382,110.57781416538303,95.72862957608005,0.14458407247553096,0.4057562982493771,0.12999254782501007,-0.28344977673982485,1.400544758586052,-3.295341376701403,-1.3966927287933428,-2.43591692425052,-0.77400980037888,0.5598988014158155,1.816019177091839,1.175151462605971,-0.07226539296520829,-0.377359115121642,-15.601899479206768
0.05,0.5,0.25,1000,19288,0.7563251762754044,103.87467613510432,87.79835775379199,-0.06754731255976754,0.445305762832091,0.12752510001410716,-0.1335294327807116,1.3355766453877391,-3.1338855801668584,-1.077387486111727,-2.2229619408988044,-0.6983311619762869,0.4164097212692448,1.9012308741245578,1.1513824294053532,-0.18548725434540447,-0.3059991670028918,-14.63539025019595
0.05,0.5,0.25,1000,19288,0.7407714641227706,103.90832605802694,86.5511131766047,-0.31953089641649834,0.43365499039251026,0.19000395293137673,-0.11156463795324434,1.2316909542888708,-2.898426334730798,-0.9222913066518703,-2.167202435876131,-0.6876011672015155,0.4788327635266639,1.8098872284439134,1.1180368110392591,-0.5042755715102752,-0.2645909008226748,-14.599733402018753
0.05,1,0.25,1000,19288,0.7795520530900042,80.88214915370915,67.11643759971808,0.18228460131090274,0.26351762326824746,0.048652864077527544,-0.16027510220984012,1.0215794038783246,-1.9062580136372675,-0.7623080136664682,-1.416442392283605,-0.4568339449814547,0.2580162997837209,1.1182502416113145,0.7050815918048926,0.09555655330848623,-0.23206087633112019,-14.897455399659648
0.05,1,0.25,1000,19288,0.7669017005391954,82.49209501704206,69.42987058293417,0.22959520938750455,0.2512721820519723,0.062498437281691445,-0.1897617487834853,0.995836899702511,-1.971912143684597,-0.8039953097835509,-1.4444859404942596,-0.47769088002008436,0.26481420292815677,1.0899194535896295,0.6727094007106365,0.08374004070943786,-0.27255054166033327,-14.984057526373679
0.05,1,0.25,1000,19288,0.31729572791372873,75.08649418535452,78.81370304293897,0.4212214716640401,0.24868379412201191,0.04825938565377412,-0.16160851933983733,1.044888792705445,-1.9452113749811695,-0.7765709671730797,-1.4282180641678361,-0.4869826918006903,0.2791123158763088,1.091844718361855,0.6750535596377591,0.31210586398691864,-0.28018966157487635,-14.679079091773797
0.05,1,0.25,1000,19288,0.7554956449605973,68.95061261077468,70.69365834823154,-0.022044379443845075,0.27827438053470166,0.02125471465897385,-0.14803945804331242,0.953454509824066,-1.9620712449781397,-0.7814549594965248,-1.444578901479401,-0.4793177193716527,0.2526121585001221,1.080509594132627,0.6611623385867177,-0.0762759999890823,-0.31827348227618524,-14.971639943562007
0.05,1,0.25,1000,19288,0.2870178349232684,65.80258658343686,75.20856114594588,0.453945799367536,0.2648405825392189,0.06359996360848551,-0.09174316655111783,1.0448968920558792,-1.8426505777452178,-0.6209589247643851,-1.37813634063262,-0.4578802012270743,0.2590420391764855,1.029728029808912,0.6168703159972803,0.38497527696564937,-0.2635010510963642,-14.665096797394856
0.05,2,0.25,1000,19288,0.758606387391124,64.05823723736955,97.64821870903143,-0.9112484198946273,0.1264953074654887,0.01989273711346911,-0.22992401815751431,0.40675154457499874,-1.1034292833931305,-0.6603990844143794,-0.8793611000106071,-0.290843309799911,0.1233026282430554,0.5737536628578839,0.365687606919718,-1.0314670676470237,-0.2595218271245814,-15.72985221133034
0.05,2,0.25,1000,19288,0.7957279137287433,65.71837027969036,48.72378621453742,0.19697051154183276,0.14238017454295285,0.02298664444765034,-0.15988486879682604,0.6699905976036447,-1.118820717737613,-0.5629108899331037,-0.8436910417153877,-0.2861850651156759,0.14820032922575108,0.5648803935386243,0.3599492420375143,0.08077647589666193,-0.24567345704270624,-15.809024123058261
0.05,2,0.25,1000,19288,0.6491082538365823,62.583190158451416,50.13876690902184,0.2599289121406022,0.13981470416313443,0.020615309432639388,-0.12963567619600824,0.7031590009455555,-1.1064407402611132,-0.5559931194375182,-0.8403840283402717,-0.30030651978397177,0.1541693693641328,0.5664828560772851,0.35573068865330143,0.14879006679886886,-0.22943019677137982,-16.01322525650963
0.05,2,0.25,1000,19288,0.7980091248444628,66.89489716699192,49.15295088543801,0.15179812013353977,0.1610320534184832,0.004059755304499701,-0.1157501136524158,0.687485750936685,-1.1252709252538136,-0.5567100216453846,-0.8447282830983511,-0.29354701592628685,0.14811902285161674,0.5690169059838024,0.35341392998029897,0.08932541241872027,-0.2680465672686227,-15.76260097779912
0.05,2,0.25,1000,19288,0.7407714641227706,71.49956491434854,97.48650912076405,-0.826631290521106,0.14377598259198238,0.021327059764806873,-0.21598398689329723,0.41778869478480873,-1.1503058922726555,-0.692301602026685,-0.9338488776722063,-0.3123987180173174,0.1290476349211869,0.558048617340203,0.35472618612249757,-0.9596245998453373,-0.313049189702857,-15.680852610643617
0.1,0.1,0.25,1000,19288,0.758606387391124,165.71546463508105,193.31886396137932,-0.9226915575221237,1.2645410134766808,0.4893285302764293,-0.6798827300905123,3.5151568537328615,-9.748323388984259,-3.837580023178953,-7.048944255952892,-2.071908998561978,1.3417986601402652,5.785507935841762,3.619309570457941,-1.5345830467580248,-0.7597002523511768,-29.830285293993775
0.1,0.1,0.25,1000,19288,0.7899211945250934,159.2563960397435,132.722203076609,0.2849782569020711,1.0519317119043163,0.33527431171531336,-0.4467195407218025,3.406791629252688,-8.893396886390025,-2.756922090479279,-6.319673655590348,-1.8385757941929541,1.084922069855886,5.44773845031417,3.1705978274650133,-0.22360523536350363,-0.6228333453469956,-27.57429695033165
0.1,0.1,0.25,1000,19288,0.37017834923268356,155.4627150852087,156.61615324377877,1.2124489571396546,1.2169028803689996,0.46307156812838235,-0.43803573191977946,3.8824099747605945,-9.509009204438605,-3.3767035155158274,-6.82591643655175,-2.13231141604698,1.3691949082358565,5.424174246624323,3.3699535008964956,0.6673570373191366,-0.7663711165222516,-28.976026229493826
0.1,0.1,0.25,1000,19288,0.7892990460389879,166.37334591660425,139.68087773506664,0.20102181780923822,1.3070629712982722,0.37927456435917695,-0.23636731734231492,3.566252206497105,-9.127067813210846,-2.852255006286976,-6.4758009677889765,-1.83314403854453,1.4072939267694673,5.344727433224413,3.419431422886657,-0.19862816730668542,-0.760844514573621,-27.80653898904382
0.1,0.1,0.25,1000,19288,0.7409788469514724,122.71522917399264,142.5082745845665,-0.7561649266022532,1.1661249217885867,0.5489128242357961,-0.19240881522592346,3.2275901773378353,-8.322467089160087,-2.2884597734270122,-6.11364406148609,-1.9680135759268853,1.2620792287512077,5.26976495172845,3.1753808027137427,-1.0614324501204293,-0.5936436009163972,-27.004249155574442
0.1,0.2,0.25,1000,19288,0.7781003732890917,229.99936136792758,200.49168319866666,0.23453850834931567,0.9884935905647619,0.2601625804808159,-0.6349070720100919,3.1334570538104742,-7.570564389093945,-3.1753019758269208,-5.45176034635553,-1.818266612877215,0.8795598921004479,4.42240758297719,2.6943254608712164,-0.17257689640537555,-0.7355743268784724,-29.706207494401752
0.1,0.2,0.25,1000,19288,0.7507258399004563,175.63823588705955,221.8185440863739,-1.560820531330096,0.8164302898692916,0.2624388653859595,-0.5774036947314029,2.4554391620715883,-7.191087314283032,-2.608323598259558,-5.275130160941006,-1.5906877857152641,0.8781461873105709,4.024825098450026,2.48714303789503,-1.9772310751499618,-0.5815381264393491,-29.541757302346994
0.1,0.2,0.25,1000,19288,0.7822480298631274,210.46391416754665,181.7393146244872,0.2607718848545786,0.9171514251784483,0.27901954812519664,-0.45740531430750314,2.9761532547909835,-7.241908700836021,-2.739324974280998,-5.333991444799834,-1.7147978047654724,0.9474754818497155,4.203082638545669,2.5671868279553913,-0.14896930621127202,-0.6654086660852399,-29.249089242101096
0.1,0.2,0.25,1000,19288,0.7656574035669846,164.37724971006364,166.0707551163261,0.012019283416547288,0.967040651775693,0.1272423716162494,-0.25981646737529096,2.8730413452857495,-7.024597506171158,-2.199769858493665,-4.968509310811076,-1.618902514267252,0.9397881778745164,4.172434240788737,2.3952182094869543,-0.09670345468994473,-0.5932265371174248,-28.385965705343626
0.1,0.2,0.25,1000,19288,0.5170053919535462,169.34030634917318,159.68891802007897,0.6257413400244147,0.9770915948274719,0.26121180977380454,-0.09827834533086133,3.098911227233234,-6.625622784775509,-1.9353537525697304,-4.82884847474853,-1.5480814669099683,0.9046844471108519,4.163015063699556,2.5004881138476844,0.3680194072940376,-0.5052836678454864,-27.761314319257636
0.1,0.5,0.25,1000,19288,0.4234757362090419,159.89486321142456,150.66220804208118,0.6364126282633554,0.5380987343830812,0.10545799885760503,-0.3157977233006479,2.184769227401337,-3.892687775255831,-1.5947707971344238,-2.8931740252388973,-0.9560494262650884,0.48858814378927073,2.290859904567002,1.440668058990026,0.48955044578380325,-0.495216578778729,-30.307378657573647
0.1,0.5,0.25,1000,19288,0.7507258399004563,210.52305756062077,163.17659240770922,-0.6352772712727153,0.4805935153077014,0.12034246763787393,-0.45508078609016633,1.7244780811482407,-3.9640795053963016,-1.6756065402092633,-2.9607396937700035,-0.9614887612518205,0.49831025966625075,2.1721948163596343,1.3465924337360842,-0.8995206818799748,-0.5517713877421078,-30.13604994349391
0.1,0.5,0.25,1000,19288,0.2646204894234757,137.8521498842904,148.25090610945216,1.0547030123833334,0.4912637680479552,0.09895268050495,-0.28583875510693757,2.1920632695376567,-3.8713506099043467,-1.5303217486766156,-2.8582824541476897,-0.9698012483174006,0.5425336278088089,2.1804263456834616,1.3323455912386817,0.9036389550432266,-0.5328670775188797,-29.89450510531595
0.1,0.5,0.25,1000,19288,0.7527996681874741,134.62282497202466,181.88264107327225,-1.4257058218803884,0.48612611127097966,0.053488861500657445,-0.3612097123032064,1.5257331266748755,-3.857408982673233,-1.600928980192202,-2.8668141806076997,-0.9284775500691087,0.4643835860755763,2.137815274664528,1.261104710630921,-1.5934551731238271,-0.6064800541632029,-29.85186599356582
0.1,0.5,0.25,1000,19288,0.7407714641227706,188.27073161015335,144.39554770164395,-0.5899773437618305,0.49030411947660124,0.11781443172235885,-0.2968373700083249,1.693513964588549,-3.716648370453986,-1.4060141412527374,-2.8288609336321073,-0.9235694670926116,0.47427702469482186,2.0451119930966457,1.2204581889833745,-0.7912208803398353,-0.5375072952991097,-29.22418281846201
0.1,1,0.25,1000,19288,0.758606387391124,190.13487274771435,120.59681500302763,-0.6513463410143101,0.27747558595494526,0.04000029003617079,-0.34179904755876167,1.1568526189358739,-2.1795960378827544,-1.1653349269315454,-1.6910299005248335,-0.5680450867098423,0.2702293158885856,1.143158385387379,0.7309223342385034,-0.8065760519121534,-0.43041828490358747,-31.702138892216794
0.1,1,0.25,1000,19288,0.2507258399004562,95.51505926254498,114.7299244821136,1.228256593080722,0.29900253497936,0.04565960998565364,-0.2242403747802295,1.5730215897561084,-2.190483498625011,-0.9473375766280506,-1.6045819839186721,-0.556737093684018,0.309695746651912,1.1020537412761573,0.7040208124792411,1.1664099124445528,-0.4524525457660989,-31.11156489088828
0.1,1,0.25,1000,19288,0.7552882621318955,136.25585617936093,94.96389409777825,0.1158164657615457,0.26746504565817736,0.044137651831324724,-0.24815600636745955,1.3377336899825922,-2.182905631100288,-1.0611219618341872,-1.6642304754071529,-0.5884817602513867,0.30061851940941187,1.105836566188903,0.6969332443445287,0.040790643410956395,-0.39973151199304335,-32.091066162168694
0.1,1,0.25,1000,19288,0.7527996681874741,104.12678211360195,166.43858324951347,-1.3938875613168082,0.2839106935596804,0.0067563555235326325,-0.36857197105977396,0.9299361707230094,-2.2864354859313747,-1.2739674035741857,-1.774798801088933,-0.6053940359099478,0.270008445876054,1.1067691835475095,0.6846474577286095,-1.5620462241622624,-0.5875176726848589,-32.43702967008302
0.1,1,0.25,1000,19288,0.7407714641227706,96.97898119146454,101.75798912520501,-0.11368654372349368,0.31186678459089817,0.04523354079047816,-0.2606295418305266,1.2890655933778299,-2.2009258426678597,-1.0646280006648423,-1.7130166778310578,-0.5848459845695096,0.2827897970331354,1.0943293180227407,0.6888017776738086,-0.14578034241735033,-0.5239475079890055,-31.88010004181354
0.1,2,0.25,1000,19288,0.24927416009954376,66.96416836747994,104.4329981858389,1.1620923638688936,0.18689924553800874,0.01386931024074689,-0.15004268625286393,1.1713580481986716,-1.15140784856987,-0.6143901653623656,-0.8536967923154466,-0.3123240454331583,0.17726630113820938,0.5950025889898394,0.3983562592664031,1.0861865775565875,-0.352042806767413,-35.32763487322664
0.1,2,0.25,1000,19288,0.7507258399004563,227.64892318627872,109.49822240942123,-0.7253271438876219,0.1434132253628507,0.01832963036302366,-0.3060940366079404,0.6470230090892981,-1.229707762703596,-0.8423863089270643,-0.9992954061347038,-0.34195613820745474,0.1502511689155476,0.5871940058935397,0.3877086833618532,-0.9008884113170179,-0.3989846138623779,-36.26847221697507
0.1,2,0.25,1000,19288,0.3340937370385732,84.27503381889991,83.18177299452259,0.7179398829926211,0.16027182628456982,0.018530960236103164,-0.15346636569759856,1.0277327003930694,-1.148653252947889,-0.633280341709884,-0.8746215701380549,-0.32248162172813044,0.1756440081687804,0.5783564063923026,0.3741295246126577,0.5832400478058388,-0.33735082346275336,-35.33389742379181
0.1,2,0.25,1000,19288,0.7527996681874741,144.62339349113145,69.88358894646755,-0.20978701735780514,0.16698375538125174,0.005417192449719876,-0.1583445162870636,0.8676305175468448,-1.1549068927321713,-0.6454319032953049,-0.8967868625761377,-0.31378093820800446,0.15791675038381453,0.5710714710943792,0.3644748099375002,-0.1813110486228049,-0.3412010409653946,-35.61875556177277
0.1,2,0.25,1000,19288,0.4977187888842804,93.63307017192689,75.97759254662277,0.6233659105653839,0.18827759049922857,0.017741419996248717,-0.1436988165237511,0.9925140948502672,-1.1783253517913075,-0.6668239345538312,-0.9263403427513968,-0.3336659878857991,0.1684157727770638,0.5759983518021572,0.3773665286637507,0.4065695519430219,-0.36912401029271125,-34.926873622531126
0.2,0.1,0.25,1000,19288,0.758606387391124,384.69274834658125,443.51822964896843,-1.7221100217779388,1.866780959553196,0.4165962306905881,-1.4143060239695464,5.618402888559769,-14.94204879980012,-6.345328046971315,-10.889929948252714,-3.484532057771331,1.735056907434857,8.538486030399783,5.450003304020074,-2.6257962036859377,-1.5405565124294116,-59.458066212461326
0.2,0.1,0.25,22,19288,0.7507258399004563,-0.05843804462440616,126.40055917310951,-3.7603407772826056,0.3562564889545612,0.48146049005968394,-0.21823403835992938,-0.7489740230625918,-0.6649853246943066,-0.5464210064523722,-0.28822906001050813,0.2790934975950744,0.6424603024627094,0.4680968421453884,0.6866181688705222,-4.708091717866157,-0.7733787997667021,-3.205834957020524
0.2,0.1,0.25,1000,19288,0.7527996681874741,352.8762471377496,452.3248634249007,-2.9438516211099013,1.6440764092993292,0.5007188693404542,-1.2234783127089142,4.972203167879547,-14.463979859422286,-5.7401729168789055,-10.609455218733787,-3.4807967460628295,1.858140597489572,8.319773311983976,5.028411370587065,-3.889912469906263,-1.4484004224710014,-59.90428741751741
0.2,0.1,0.25,1000,19288,0.35524678556615513,354.85312694477204,339.7091682357342,1.727118371295019,1.9255897159388087,0.20079306855516982,-0.5594651080860371,6.233218255980282,-14.299418455423137,-4.6899533469567585,-10.04601002111368,-3.171014236926841,1.6899275558360056,8.185440431503322,4.745550624119698,1.413543408258727,-1.374614767986023,-56.69603882203991
0.2,0.1,0.25,5,19288,0.7407714641227706,-0.6316505230380454,131.68417705916886,-4.093255836556114,0.20441439227555214,0.13894084766322595,-0.37105263483678813,-1.009437132621775,0.3690902308709568,-0.41225775062838477,0.35641472386408735,-0.059347458470647284,0.6427767387576957,0.22128617551998622,0.2218309452848418,-4.523766263737457,0.523264706743204,-1.427821790573937
0.2,0.2,0.25,1000,19288,0.3092077975943592,321.6884573458281,304.79559056601175,1.6242911732854464,1.2805893492640827,0.2680178002494452,-0.6165912937153943,4.826582478795574,-9.051189721561293,-3.2509901385324294,-6.631662186425315,-2.2176834126719647,1.106865085711103,5.509076463521494,3.3294677529713455,1.3607459779768862,-0.9254339210088183,-58.562096075890295
0.2,0.2,0.25,1000,19288,0.7507258399004563,304.97452601420315,437.627956613339,-3.478666425675352,1.116842704843603,0.2749264346616056,-1.0828539038269969,3.3494673463558384,-9.37444219182717,-3.8808932004201213,-7.030353133513352,-2.283187855231201,1.0658765437931794,5.27316716626144,3.201553324187702,-4.175697534765952,-1.1547149933583185,-61.119979694183755
0.2,0.2,0.25,1000,19288,0.7527996681874741,296.11285966981546,313.9333857826363,-0.4268850528082382,1.1050639898693113,0.2587107555374324,-0.734095650536535,4.199705984644856,-9.075157127247003,-3.469620252972304,-6.773471576669019,-2.3008346347876434,1.1654954671651276,5.28679844011678,3.1643061372048935,-0.8649124049734547,-1.096090400073809,-60.14611002796585
0.2,0.2,0.25,1000,19288,0.7527996681874741,297.9095105273772,416.6007193232864,-3.3272623989597028,1.2249075760881203,0.13674740416189163,-0.7198977758216488,3.5251160036824345,-9.241334875284503,-3.7261815098599964,-6.85714570158856,-2.22676621219287,1.0790854927583398,5.258919151319794,3.092238997944541,-3.855085462517408,-1.2378850254317264,-59.577758931726294
0.2,0.2,0.25,1000,19288,0.6918291165491497,320.6127732985651,277.08819837776133,0.9504449437869869,1.2329137688110212,0.2842133363797858,-0.5512982837119653,4.340412496737031,-8.877452433605432,-3.102306864760289,-6.621150076029289,-2.1998312584247297,1.1183935275863486,4.952621634107585,2.9200953468915487,0.5100268925231739,-1.2794236282840883,-57.95055814086248
0.2,0.5,0.25,1000,19288,0.758606387391124,211.74685477868732,387.8200245391315,-3.544429574834914,0.5112536038068612,0.08015005705555601,-0.9483395846836252,1.696500651166823,-4.447318674935147,-2.7073788090171917,-3.546574063733763,-1.1781886974292155,0.4972931629329709,2.316930824558026,1.476420684433294,-4.018647936964462,-1.0702171582200815,-64.6494769178236
0.2,0.5,0.25,1000,19288,0.2677312318540025,189.97756625085654,208.74658384523812,1.8369546846270828,0.5833318271577987,0.09686731416376407,-0.4375229265533863,3.070519059891017,-4.368931548274976,-1.978677212089717,-3.254121365470385,-1.1066596919517926,0.6143105314917127,2.2478642268154654,1.4270691739426817,1.657157450730435,-0.8084527116460577,-63.302169314803365
0.2,0.5,0.25,1000,19288,0.7527996681874741,350.2369174722921,228.09059200146902,-0.7584287686639413,0.5103362439977509,0.08103401848136517,-0.7276170250766458,2.28095753048744,-4.428797787960829,-2.3503186906667266,-3.4075640663459072,-1.2028370653891252,0.5718998162466584,2.2240691263083,1.4016417623576656,-1.2163445368050123,-1.1193495969992069,-65.299670666622
0.2,0.5,0.25,1000,19288,0.7527996681874741,404.28654916285933,264.58040225289534,-1.3184620036508887,0.6203605341928342,0.010934007153982864,-0.6925956830117761,2.243269737151553,-4.611716425095731,-2.537255375264718,-3.5469694054087806,-1.210659333517033,0.5566621664894752,2.2986463149677867,1.4321242372128589,-1.7348626011963137,-1.2666300938021426,-64.87060452099207
0.2,0.5,0.25,1000,19288,0.7407714641227706,201.27827845538278,272.7347364070296,-1.8427782343798678,0.5962391527401831,0.09303392410016319,-0.6751435408242212,2.1921266637388097,-4.4581339912076325,-2.373370392821568,-3.5499299018700885,-1.1925863121528537,0.5392569722529125,2.21894279725912,1.397579656469434,-1.973350537035335,-1.1136039141252458,-64.59165822056636
0.2,1,0.25,1000,19288,0.3457071754458731,135.3032858623572,155.41865044557665,1.282449061941611,0.35416112011173934,0.027358894199188907,-0.37984797045180024,2.0933559064945553,-2.315639497661294,-1.3052651998520726,-1.74879530228537,-0.6249432814245267,0.33495883264463083,1.1942042697956474,0.7926560669171309,1.2335992078943736,-0.7744472547803377,-71.47818807331979
0.2,1,0.25,1000,19288,0.2513479883865616,132.80110536761464,215.9001880767574,2.5078837338988533,0.36167661626200415,0.034604647416121494,-0.29215040789804025,2.319257860689734,-2.339974630198545,-1.1420256050876605,-1.69793938745934,-0.6176149366410975,0.366240639299953,1.135807378087137,0.7543126931894389,2.4921917040026607,-0.774508594638952,-70.95870420679542
0.2,1,0.25,1000,19288,0.7527996681874741,203.76063954547735,381.9204167781193,-2.9842563864816736,0.23886056182748758,0.03243523175393703,-0.728500480874279,0.8677167194510504,-2.438249734788755,-1.849207713585513,-2.0404572093589914,-0.7030464764639056,0.2733716226055499,1.1495633794327083,0.7511028800505738,-3.7541038211844793,-0.9077034994975959,-73.45987403192045
0.2,1,0.25,1000,19288,0.7527996681874741,432.09720657269315,205.354999001122,-1.3312999895882736,0.32336508886946547,-0.00387557053115956,-0.5093805297202603,1.3619801235601865,-2.43376864472869,-1.5849565735504325,-1.9231239018362933,-0.6734006180672079,0.2986133020685451,1.1450852861911671,0.7404471500553357,-1.6420109349789285,-0.9648566193019404,-72.26881372425417
0.2,1,0.25,1000,19288,0.7407714641227706,150.59024971454335,319.28532961924367,-2.5367826373391438,0.30177309111245254,0.03603609393038277,-0.6305688819104429,1.0217296745963034,-2.4513799578346904,-1.7674818849318565,-2.070841522376645,-0.7050430754967819,0.2719129210569828,1.1448883168502697,0.7512756288569982,-2.988288247700164,-0.931281210747198,-72.50996688640474
0.2,2,0.25,1000,19288,0.758606387391124,201.20334575396237,560.1860691370355,-3.465258216670436,0.1038764163698071,0.015728922324459313,-0.5965422960242618,0.21129114401488702,-1.2733190370392948,-1.2231056649952796,-1.1415731910727858,-0.36665533984479765,0.10640912296597958,0.6002320474723136,0.4050861045516281,-3.857519005588333,-0.6664693254151899,-80.84048770555725
0.2,2,0.25,1000,19288,0.7507258399004563,537.3077882812956,163.59148533768442,-0.9782730573275558,0.14578942622397062,0.01464408282577938,-0.4056236985388825,0.7308033421741548,-1.2592745277130328,-0.972449069554973,-1.0273620323727475,-0.3543441327795069,0.1521940883090972,0.5815221478394882,0.3901798384864655,-1.4284583293634059,-0.6150249733644496,-80.99131867496995
0.2,2,0.25,1000,19288,0.7527996681874741,477.6019729109822,141.0176744132891,-0.7820625579975684,0.14490384772763054,0.011649175404411974,-0.38625041722781417,0.81365189921162,-1.247704901342105,-0.9614731699539292,-1.0188787888573356,-0.3673991776556067,0.16065072883007814,0.5911380240254712,0.38982442478556645,-1.071750839417832,-0.6464697212158872,-81.58144757379057
0.2,2,0.25,1000,19288,0.7527996681874741,527.9123716487687,160.846411886741,-0.9870810789280888,0.168248115452073,-0.007080161005571021,-0.36649139946442455,0.743835381417949,-1.2769214883598168,-0.9846596420142277,-1.038581188121713,-0.3680455817102918,0.15228201992028412,0.5965752924754195,0.38837069935434476,-1.3065103241736256,-0.7072750030822992,-81.17659555304076
0.2,2,0.25,1000,19288,0.7407714641227706,154.4486292622824,653.6995083216258,-3.6708614547108493,0.12190699215291602,0.007636727556277835,-0.6290709101480745,0.0037706989571921756,-1.3616151321778929,-1.3412033200041744,-1.2415378772587125,-0.40929712424770054,0.10211474892416171,0.5847436873155365,0.39041881790178223,-4.233516449255291,-0.8558460043461574,-81.79019765339164
