#Learning Rate,Lambda,Cost Change Threshold,Iterations,Num Training Points,Accuracy,Training Cost,Testing Cost,Parameters
0.001,0.1,1e-05,12510,264,0.8181818181818182,14.567734605262931,14.606536103331845,1.0474371044270379,0.11269613626937001,1.0700388014567113,0.7282607371257265,1.0242250692366803,0.7228517760721792,0.48150744106560983,0.5148963693106776,0.533317144381742,0.31888974877317655,0.1487726520735105,0.2791931588819794,0.004722512531191274,0.3126540023916053,-0.025730812830480267,0.8252390206477269,0.1220112814850161,0.37422611438330694,-0.23586356119076973,0.4206420428532029,0.34731299182465397,-0.26442703685368185,0.33934654612720605,0.06817379892790952,0.08901690158474468,0.005800730073471912,-0.45055671935071717,-0.268136515862003,0.6663748141421864,0.204679365775726,0.7705442987722824,-0.01138862298860711,-0.03355428514303313,0.43277546363550023,-2.8335742670407167
0.001,0.1,1e-05,13176,264,0.8787878787878788,14.67201130736511,14.75369205249164,1.1271995730842894,0.11247560016782253,1.0171451028052154,0.5913502523330495,1.023236124767817,0.7978397000119745,0.3260871217813139,0.7071381972848606,0.5666004048299267,0.2637661907744858,0.20867167936733158,0.37529980827870124,0.028311626740332347,0.1696641698750623,0.09042404302141442,0.8414638787864375,0.13432561292923076,0.47176125100588856,-0.15610001544878513,0.301379889127905,0.5199568580561169,-0.2527237236212657,0.46161839804753135,0.06414234987313654,0.07811274059235468,0.16389633892859856,-0.47178575237763487,-0.08619884612435504,0.5544072495610366,0.02691234962928512,0.6766075571795608,0.22358801966001654,-0.016512526758740095,0.41042894367700034,-2.8158454191596594
0.001,0.1,1e-05,12813,264,0.8636363636363636,15.83251807169902,16.045483482149024,1.1070103233102442,0.1125957487149289,1.0291905867229012,0.8713184077073711,1.0874610361429542,0.6433846154586697,0.4388631073308862,0.5959521156453572,0.6546750477529668,0.4373526057286115,0.22183896160705902,0.46612057797751694,0.10403641479753986,0.2704267643190003,0.06715179028090773,0.9624160814017798,0.2371277185865178,0.4112072576076529,-0.2508403666181749,0.4511964045691939,0.42248703120245784,-0.22949572253557612,0.3068443124615012,0.1572501294078145,0.10702312091173201,0.2541533400659345,-0.43257696825842495,-0.06439085719552874,0.48994980589272075,0.2130884862807219,0.7028340820107434,0.09582188519214674,-0.012268279738738215,0.3478931801066188,-2.8239742196535995
0.001,0.1,1e-05,13705,264,0.8787878787878788,14.576047718877044,14.6334542244295,1.0743259114213837,0.11230073717762909,0.9952454146370676,0.6356756775825091,1.0318525297190206,0.698504396015408,0.41628114246237324,0.6862874642397501,0.5172538578681067,0.4015712358014968,0.17681443641132602,0.3459857023182409,-0.011028140788369464,0.2491529584918358,0.007921657091849787,0.8708359648830479,0.1246940053392476,0.3823467610676273,-0.20505738165281073,0.1931014431901498,0.480522038639033,-0.25291968116800373,0.4476429534167729,0.13151596273902785,0.09874066899685445,0.06866357650890502,-0.5079081631918465,-0.1442148867619734,0.5189980120752262,0.11946428384671544,0.8126955440859955,0.26732903952279274,0.028816741092798238,0.3910733977321465,-2.8440125779308447
0.001,0.1,1e-05,13168,264,0.9545454545454546,13.623765866366982,13.482691734502124,1.0436614269773983,0.1124782466875597,1.0063661506526693,0.6213568268734593,0.9997126713247279,0.6994056987660074,0.35509869554923923,0.5966812880000562,0.5601964800644319,0.29548727193507657,0.15214873004021118,0.3090557777491776,-0.05748214842257444,0.3419203603667524,-0.03572221730164428,0.8017391711699052,0.09553909589693595,0.38196773629679476,-0.19179531380786485,0.33719043175908203,0.41275808765836375,-0.31101328314579135,0.4152429645690519,0.021548794963681735,0.050112334887147184,0.19004045302350936,-0.4752943308119005,-0.20275459558531278,0.5546187752597967,0.10581751256558143,0.7407405840446327,0.10939665040630302,-0.03399499354308391,0.3298843586808628,-2.793393503979545
0.001,0.2,1e-05,13608,264,0.8181818181818182,27.096167055552865,27.14187330675024,1.0372418028851171,0.10792559069581592,1.0473982257023473,0.6984544329240279,1.0036166294047961,0.7075107314280685,0.4808737938457164,0.49858128361671195,0.512359147438481,0.2996401386196341,0.12507183439109767,0.24703936062301632,-0.013445274076012355,0.3015114611535854,-0.03791092612031244,0.772552931855578,0.09716973840549367,0.3572184760779721,-0.2327562511492421,0.38423063702014093,0.32850569703802146,-0.3097052841189656,0.3173673103439944,0.0426132500327405,0.091272560362775,-0.0072167181254709075,-0.46973534279589235,-0.28832036259743515,0.6363015638296339,0.18174105150885256,0.7423143849268617,-0.04365720579645072,-0.03997842643653983,0.37890458311009767,-2.7219713104071923
0.001,0.2,1e-05,14326,264,0.8787878787878788,27.22320331993241,27.303379551279058,1.1169834782515817,0.10747072369962221,0.9940653102674101,0.5563359370941354,1.002982593606474,0.7833310826790787,0.32219573404407814,0.6983185899696284,0.5464637368002537,0.24413392841752748,0.18467628093963157,0.35124070711936173,0.0098897686132874,0.15719859717684947,0.08278491693626065,0.7886456028456826,0.10595120871966554,0.45741710211185904,-0.1535680190634565,0.26412825386371336,0.5040594988862375,-0.29390162184967383,0.4404819999345209,0.034311835251734486,0.07680252312904498,0.151723008941029,-0.49304786086182667,-0.10240967136772136,0.5177997506998384,-0.005002944442555161,0.6414612436403894,0.1920611408001867,-0.022605510251809572,0.35293928882078485,-2.704377761341754
0.001,0.2,1e-05,14373,264,0.8636363636363636,29.38668867535094,29.582724233781796,1.108703327492471,0.10744101522499394,1.0045899873621091,0.8462546138806432,1.0695290472254022,0.625934360182305,0.4361668103322671,0.5777835997144187,0.6366175343628386,0.4178326807880226,0.19332805614603482,0.43422010625369867,0.08278246033940614,0.2505474787210696,0.055105917873216094,0.9062270900337079,0.21000693600516984,0.38962744618043604,-0.24989762592429737,0.40526410596298484,0.40918084840073243,-0.2947185343579832,0.27886941751024596,0.11673802019396119,0.10714090060461129,0.25032681215846486,-0.4621576437218484,-0.09004602521042158,0.4461020894500231,0.17983902476363955,0.6710477383039875,0.05978971463546061,-0.01937414616060142,0.2738579984767485,-2.723924960717508
0.001,0.2,1e-05,15000,264,0.8787878787878788,26.985943289023066,27.040875920975136,1.0613747484361509,0.10704547618615586,0.9695040328791186,0.599131440220578,1.0109588240849896,0.6780607754788591,0.4173422013293313,0.6699225200280111,0.49817343683274884,0.3867880250447803,0.15527956536102616,0.3172443773186114,-0.02629258602037567,0.23517714962102132,0.0008011560145706817,0.8204929320877211,0.1027701778639313,0.362396477988196,-0.2009892318100729,0.1455775616113064,0.4655947405844966,-0.29807852272871227,0.4267479238471617,0.10224182816975526,0.0956692012849059,0.05312094683064071,-0.534487360077964,-0.1637960413034074,0.48146276729778753,0.08957669444529835,0.7839903191552835,0.2375843764098516,0.026768088122640483,0.32987394296347017,-2.726692068522239
0.001,0.2,1e-05,14153,264,0.9545454545454546,25.24799881112473,25.1157449274317,1.0316590422964136,0.10758014695502198,0.9817616630558981,0.5876757545939498,0.9803371426795944,0.6811356834178468,0.35254476348843683,0.5810559276286357,0.544294555750925,0.27698273029871295,0.1328222168763913,0.2814360359702255,-0.07041998898331704,0.3298081279234151,-0.042878709170153156,0.7512018343984959,0.07443540321617394,0.3639219397824156,-0.18474417653641373,0.29993749730606245,0.398515409932862,-0.35188940270511354,0.39625745785167205,-0.00085457957328269,0.051535893341536895,0.1832291200744391,-0.4886343078009178,-0.21643417998015838,0.5211137403531083,0.08127790751672749,0.7144264488916245,0.08201690218871246,-0.03722415837375902,0.278275519818597,-2.684660280471714
0.001,0.5,1e-05,15000,264,0.8333333333333334,55.56961336432846,55.62100708399541,0.9633180050647858,0.09377510837018367,0.9655490311851722,0.616368654756997,0.9276496277972626,0.6470184866110495,0.46540422998686587,0.4576572018432788,0.4571347752501428,0.2602407106317261,0.09079947689368731,0.19549844809198633,-0.02923759898538662,0.27688078230501584,-0.04195689117461391,0.6591098495197184,0.060259194970687636,0.31745837434182705,-0.20593294005727608,0.317962369598447,0.2876273398907507,-0.3507727407465934,0.27692354625716825,0.00895907848574247,0.10000150609022287,-0.020858783416345856,-0.4649074027699467,-0.2883315389346455,0.5629394733298709,0.1462790621369206,0.6646608436630115,-0.081880005698368,-0.034175263310978324,0.2828698518351971,-2.422419375715111
0.001,0.5,1e-05,15000,264,0.8787878787878788,55.659687495385796,55.73523760550243,1.0284540533580342,0.09377510837018367,0.9133723710642878,0.4835091350775817,0.9226763487455427,0.714027472876321,0.3104384190533898,0.6498339902169689,0.49295441245532723,0.21541668711977338,0.1531686062817885,0.3097988062264723,-0.0006658185463751483,0.14257881761974,0.07982781737853717,0.6865871824303493,0.07462167049238447,0.41614071126170965,-0.13358354489894927,0.2166865457716996,0.45647254197627907,-0.30637400324772757,0.396100972357697,0.007578668743013815,0.07957135382498158,0.13191152403670894,-0.4722978787917197,-0.1011033476592391,0.45353850035330007,-0.028145930004050104,0.5683033706903736,0.14939241071303686,-0.014854820384663112,0.27732799260930957,-2.4138275611907187
0.001,0.5,1e-05,15000,264,0.8636363636363636,59.84342216343992,60.01359397480672,1.0196609181781808,0.09377510837018367,0.9173699581319396,0.7573903188483568,0.9819142922593551,0.5675670416037049,0.41462528110605607,0.5285861115067735,0.5761516821914374,0.37590514531749436,0.16296870090620696,0.38328158330025397,0.07046736363102767,0.22368185817324018,0.05175196814387254,0.7959399902235266,0.1754204582024163,0.35060835213916675,-0.2258321606861707,0.3426925805726927,0.3704249017723867,-0.31317227300364686,0.24180335050833907,0.08190386328843577,0.10841063597043217,0.2302537135089786,-0.4382309800874077,-0.09227498881278234,0.388429352120184,0.14413799361137972,0.602894044508702,0.030834651592767673,-0.007120354741944256,0.20003289354446432,-2.4394603628590006
0.001,0.5,1e-05,15000,264,0.9090909090909091,55.142273591334984,55.19344021159113,0.9648567515912204,0.09377510837018367,0.8894495086251708,0.5290738875969089,0.9274519522899224,0.6103500057552403,0.39895423415796527,0.613231147830156,0.4501818268070729,0.35561418508731835,0.13619693561221569,0.28235668959647636,-0.023327037841260927,0.21748676598275976,0.005985171913253667,0.7266404625948369,0.08505243229365303,0.32459101989007955,-0.1776087917037743,0.11166384868675464,0.42116122830354347,-0.29036611256638517,0.388708580945389,0.08041895843603344,0.09557984638106339,0.039887977665286255,-0.494321576875224,-0.15207232787116393,0.4315002882838354,0.07168276236216381,0.7099848019200525,0.20169777980781875,0.03657073849909532,0.2734693445505244,-2.450041063451192
0.001,0.5,1e-05,15000,264,0.9545454545454546,51.66610251532039,51.54691602833683,0.9523457318228639,0.09377510837018367,0.9022121883842273,0.5101796356298911,0.9071427685353678,0.6177224272993196,0.3400267561638785,0.5348670959393934,0.49498639621210755,0.24552785719284806,0.10650464051204972,0.23874885429899448,-0.07306923648505279,0.30399112955611446,-0.042362451295523205,0.647929776406689,0.0471219098903187,0.32398428805330015,-0.16043213437061077,0.24130980948731665,0.359983315268638,-0.37333811911127757,0.3554501816741969,-0.022275050594126097,0.05759682685228237,0.16610476622727882,-0.46691174825275805,-0.20910863581948771,0.4541090277456832,0.05404267125415071,0.6430303430003996,0.04794272152817009,-0.028252136918691117,0.2040057826779508,-2.39676714518163
0.001,0.7,1e-05,15000,264,0.8333333333333334,68.69670910871643,68.74701363127937,0.9059280862050177,0.08585523812802973,0.9129306753777541,0.5720107886464301,0.8776589566487499,0.6073535167717989,0.44960931236128543,0.4359331200124557,0.4273344092122686,0.24416432468900026,0.08262655648158278,0.18143835001601613,-0.026868297785875975,0.26416882230212174,-0.035898972885278546,0.6094790218788544,0.050410074456849814,0.2964141097411395,-0.18693118040584866,0.29199216079663415,0.2682134909210937,-0.3429990445423132,0.26044614811038647,0.0015572871635138109,0.10279244006476475,-0.02295838273093856,-0.441654680293281,-0.27117847994989724,0.5260001487531198,0.13418233631654694,0.622132118246963,-0.08519871657679123,-0.02379114254447158,0.25001210539795155,-2.257295140347989
0.001,0.7,1e-05,15000,264,0.8787878787878788,68.74555176440585,68.818225509209,0.9680887769624241,0.08585523812802973,0.8641783901941149,0.4448012617962473,0.8723206086172016,0.6696898827503563,0.3033095540539275,0.6181421939510588,0.4623044898413316,0.20249548012396068,0.14005597741604928,0.2895674212614179,-0.0011031226929588901,0.13656283761645363,0.08043510568026467,0.6341480276360205,0.06313810365821837,0.39179492539440613,-0.1202577741891692,0.19670528693726066,0.42832888310291006,-0.2991826987585456,0.3720142056691455,-0.00021717679062508422,0.08163160915285458,0.12202189123100185,-0.44923127476684127,-0.09417560382233722,0.4216772478027247,-0.03261495929400111,0.5294826177276751,0.1313469707407111,-0.006810970387081362,0.24571830299881578,-2.2469879191924167
0.001,0.7,1e-05,15000,264,0.8636363636363636,73.68682874919897,73.84419727588502,0.9584001049446447,0.08585523812802973,0.8652244619751507,0.7040420553696665,0.9273703006783491,0.5324082152331804,0.4009639412570246,0.5003631280063889,0.5401074931209205,0.35283763228971454,0.1500917814812485,0.3576541505411217,0.06770241363878385,0.2107011390721956,0.05251819043276733,0.736424724191147,0.1588962257705197,0.32983010641531935,-0.21008162601359448,0.3123326350165011,0.3474307680218769,-0.3084516753324843,0.22369457577634902,0.06912442063820298,0.1088776412374596,0.21721314550463522,-0.4147810085253998,-0.08698335610881917,0.3607952268621491,0.12861561468814395,0.564767092502461,0.020437227356389427,0.00281734931781891,0.1694808111219855,-2.2713392461176403
0.001,0.7,1e-05,15000,264,0.8939393939393939,68.11334929939778,68.16226346698737,0.9067825098858812,0.08585523812802973,0.8426261730020954,0.48779215238508367,0.8782887555799052,0.5700292170025961,0.3886464117399328,0.5798949111892796,0.4220847132216921,0.33732514793868695,0.12573599199940116,0.26218962071283025,-0.02082536184810998,0.20742895313477946,0.009938954716803668,0.6717177222815721,0.07508562363076252,0.3027486951385176,-0.16333189115892613,0.09274015870044941,0.39512372959257736,-0.28447234834378415,0.3668152948278777,0.06835855025670938,0.09592028948764882,0.03263699749846811,-0.470020373207395,-0.14396557290808853,0.4026279944987366,0.06203878014006953,0.6661686268140636,0.1810612127941128,0.04276329911304861,0.24095551428249384,-2.2874391586610803
0.001,0.7,1e-05,15000,264,0.9545454545454546,63.86240395800345,63.74830113611035,0.8960008667157285,0.08585523812802973,0.8538010202978932,0.4694960532658633,0.8600652623280006,0.5784910963460232,0.3309033472600325,0.5074454230419891,0.4652279650222787,0.2319396973256297,0.09753916012099431,0.2221808819603865,-0.06753367743073789,0.29052724328414525,-0.037996239467442454,0.5974195702610514,0.03818970305273294,0.302865198756341,-0.14600367798969696,0.21737225683969247,0.33778970148061,-0.3648081631355622,0.33427352368763485,-0.026322247535340893,0.060547499580033505,0.1555970833184811,-0.441582861832406,-0.19587192596933495,0.4218057971912209,0.04667090047859428,0.6024253647721165,0.03766017695366457,-0.019226344338991792,0.1771691313619589,-2.2329805191002143
0.001,1,1e-05,15000,264,0.8181818181818182,82.22031748421398,82.26878160642829,0.8280445124781242,0.07521166587836103,0.8431618787360667,0.513096696433994,0.8110707646408012,0.5539207326197033,0.42878046865235936,0.40737740219759994,0.38795029981241225,0.2228927588750973,0.07275911329630368,0.16361587715490283,-0.022788461131882178,0.2475360107979087,-0.026920705161368803,0.5444110238791902,0.037887114529464264,0.2684860711544721,-0.16080918925052518,0.2583781351383026,0.2426305935672594,-0.33080160215858967,0.2392430842316267,-0.007552243286778155,0.10670291114061134,-0.02552013193837678,-0.41029876493274736,-0.2467706032624667,0.4772230824987517,0.1189515655720929,0.5654538002007381,-0.08858793080318222,-0.009348128713567343,0.20726874690093972,-2.038031340411194
0.001,1,1e-05,15000,264,0.8787878787878788,82.18158607172663,82.25048174028022,0.8862547512274156,0.07521166587836103,0.7989037647225904,0.3933330234736868,0.8051305944018795,0.609993648088583,0.2945056658885377,0.5759158631521056,0.42189200996755166,0.1855035436952162,0.12346702427486844,0.26309509629578975,-0.0007103708085343676,0.12886996533274886,0.08228894102552621,0.5650221425141781,0.04864381917199155,0.3597318959223125,-0.10164528431082531,0.1710892907617024,0.3912037686964869,-0.28800800835278983,0.34038379674258334,-0.009657930226598187,0.08479938830063996,0.10927562930679725,-0.4180418730953904,-0.08368669685567788,0.37980448531534605,-0.03738772255195578,0.4781975725841658,0.10821944425185256,0.004614085107286106,0.20484899630074271,-2.0251965454606573
0.001,1,1e-05,15000,264,0.8787878787878788,87.6645758757662,87.80584685776248,0.8750418164466439,0.07521166587836103,0.7962418939830641,0.6327928072641471,0.8546767359034637,0.4850653661483732,0.38344065437264213,0.46314054782888914,0.49231341002316936,0.32214878377356215,0.13399645451069378,0.3242504774123663,0.06501159828646326,0.1938325719490692,0.05453840108779476,0.6578321298573666,0.13728945714504684,0.30282559799186703,-0.188602879898983,0.2730179523900777,0.3169843683864935,-0.30008929194698003,0.2000924133838447,0.053521169601742385,0.10965762993404006,0.20023500446190892,-0.38302067052712946,-0.07811509902673941,0.32470741593491853,0.10906177575205298,0.5139936133556827,0.007371502406028681,0.01661644638553698,0.12991584010668025,-2.0460982567167987
0.001,1,1e-05,15000,264,0.8939393939393939,81.46759854380679,81.51351308130488,0.8280809667904446,0.07521166587836103,0.7807775916227729,0.4329503015403184,0.8129356234499815,0.5159694012215803,0.3754796856019725,0.535649983168389,0.3849551409611146,0.3130853282552384,0.11282860935344576,0.235920633699136,-0.01664604722400166,0.19450348762635247,0.016235571309869915,0.5992699176621011,0.06236897307672516,0.274247983914384,-0.1437916762394398,0.06893984093463265,0.3606746216761507,-0.2749049955205633,0.33829750179648355,0.05333457479627069,0.09679723367317972,0.02367883444615509,-0.4369615773717709,-0.13169694633050574,0.36497714264852177,0.05035036081041523,0.6076429927984698,0.15435746359813174,0.051419736723835645,0.1987673222227604,-2.071757350535526
0.001,1,1e-05,15000,264,0.9545454545454546,76.42818508699372,76.3207168986448,0.8195059057777715,0.07521166587836103,0.7895785846398852,0.4154111974525576,0.797310145320431,0.5256626405120541,0.3190596156682745,0.47106721102057175,0.425774455061274,0.21411045259677045,0.08641429996169377,0.20097332540302199,-0.05919884970055657,0.2730563633168351,-0.03128214090598183,0.5309488233906138,0.026730380905616743,0.2750470679875714,-0.12633877637003207,0.18656883035248426,0.3084068203551687,-0.35167004316932104,0.3065302788094332,-0.030697978040194238,0.06444323223160622,0.1417920142194127,-0.40733131940430306,-0.17691286622679017,0.37923924628536126,0.03795944076465436,0.5483032978866037,0.02482661558982896,-0.006824802067646841,0.14275240331750805,-2.0153058010357077
0.005,0.1,1e-05,2540,264,0.8181818181818182,14.567609662840187,14.607672716207198,1.0511373378968718,0.11263315176908674,1.071492655091799,0.7275779408947561,1.0256902666433192,0.7240965226494489,0.4830678453373778,0.5144191702241714,0.5326844441024398,0.31728768280011,0.14560808421745958,0.2753038831399175,0.0014725883114166244,0.31207035177900555,-0.028331591081898477,0.8213070069546059,0.11871628744697303,0.37334159254942517,-0.23711053349185232,0.41702248543395193,0.3460037547435906,-0.27280643405048627,0.33727256982680714,0.06450908529412787,0.0891563393120033,0.0036933271292256616,-0.4561253651334124,-0.2731285376659209,0.6649344564029729,0.20199211608628384,0.7698975227700391,-0.016500343257539043,-0.03552483113453833,0.4268800724977115,-2.8309269364001106
0.005,0.1,1e-05,2676,264,0.8787878787878788,14.67160093293819,14.753280637446332,1.1316495834181197,0.11240810892867299,1.0183876040815505,0.5892737084387017,1.025009489198261,0.7999639372100229,0.3262707870636491,0.7090353221302271,0.5663097762265504,0.2617516351012011,0.20585844774675222,0.37330354718208136,0.02513253007739843,0.16809189622056964,0.08904579448857831,0.8377868275265434,0.13050687204685266,0.47182514222240546,-0.15700675577270728,0.2968764003035293,0.5201344750782898,-0.2607585667128462,0.4604175293970393,0.05967725501430671,0.07767210980024836,0.16274558079381565,-0.4780408656640285,-0.08975284302133575,0.5513660692032775,0.02174777307321945,0.6745556129100911,0.22001391756606223,-0.018320512903531396,0.4036812286654488,-2.8137819998468374
0.005,0.1,1e-05,2609,264,0.8636363636363636,15.832009247793085,16.043635657984964,1.112598160196659,0.11251891937343593,1.0303388425038074,0.8724127482567482,1.0897245920817564,0.6439283026708104,0.4397928600113991,0.5959582945025671,0.6551957042465926,0.4366301866168971,0.2187301102240579,0.4638486195132065,0.10108406637555271,0.26865835574052077,0.06520511151984101,0.9594611196674747,0.23442253644880187,0.40984272975280756,-0.2522492654828492,0.4469758498360679,0.42244016619635405,-0.23970671918699768,0.3041487646325537,0.15235007770498335,0.10693821528431702,0.25457209897804867,-0.43919528341095243,-0.06869157883430228,0.4858660026499367,0.20945368030544068,0.7014256414903983,0.09127713069781446,-0.014206344527673404,0.3395457645395496,-2.823709649080289
0.005,0.1,1e-05,2790,264,0.8787878787878788,14.575502687855225,14.632663799993487,1.0786358093239805,0.11221981653310098,0.9959957641307198,0.6336167846641068,1.0337266724510785,0.6994395282828569,0.41775599052631246,0.6872592281728743,0.5168981248550529,0.4009835191583811,0.17394818208938786,0.3430230816698619,-0.014285781876451117,0.2476968149041626,0.006039062461871038,0.8678168441587141,0.12155460814016843,0.38115604351752497,-0.2060423759637829,0.18623923222793917,0.4807210614741517,-0.26226655215630007,0.44620847315110823,0.12731794440603936,0.09809287482137911,0.06649143009737966,-0.5159153851538794,-0.148930628331328,0.5152969512583755,0.11485552207785235,0.8123556031021104,0.2641361517886333,0.027725312360357468,0.3832597168330042,-2.8407170621049906
0.005,0.1,1e-05,2673,264,0.9545454545454546,13.623499727409891,13.483542617972338,1.0476765710786389,0.1124130682558111,1.0073270129373137,0.6194759393376451,1.0014603523722125,0.7003521669490851,0.3557736019865218,0.5969238365167042,0.5605498326713553,0.293529503442907,0.14944986354569778,0.3057213278789949,-0.060601116202024685,0.3412214961298831,-0.03758600986124361,0.7978044848941152,0.0923728417942471,0.38091763861460015,-0.19205850693801224,0.33271298640765984,0.41253860526907626,-0.31995671594693775,0.4140257832138209,0.017626830012043345,0.05000590095754349,0.18988265771591006,-0.4808879480217169,-0.2068848714334653,0.551863824115092,0.10191326835106741,0.7403067640720346,0.10527946147114925,-0.03557737757772575,0.3229582856769357,-2.791188621554541
0.005,0.2,1e-05,2746,264,0.8181818181818182,27.097252008876893,27.143626670106883,1.039211064821128,0.10784806329378908,1.0481259965553409,0.6978594886843819,1.0044049250356957,0.7080834084957196,0.4818994047952084,0.49826716639294055,0.5119342923818123,0.2985928623909827,0.12326147655290727,0.24466640422528474,-0.015218994900427689,0.3012346710823495,-0.03921869321015678,0.7700191048290601,0.09530003187863528,0.356764671859078,-0.23324095064500852,0.38218627728823934,0.3277572555451903,-0.3145380134402424,0.316229649691299,0.040618903528085795,0.09157791987871881,-0.008263309211238586,-0.4728841983306051,-0.2909503723459928,0.6353634405691769,0.1803251537103275,0.7418061333309427,-0.046595259674105764,-0.0409904408781428,0.3753023311049169,-2.72012956147091
0.005,0.2,1e-05,2891,264,0.8787878787878788,27.223860189300865,27.304047393001966,1.1193160413961847,0.10738909565094663,0.9946790051636591,0.5549503867590824,1.0039412253570446,0.7843289282256706,0.3224466556907514,0.6993652651295161,0.5462469539825325,0.24289341207797147,0.18305639862027295,0.349993939828822,0.008193682881301173,0.15640524575797027,0.08223556206590422,0.786257408613716,0.10379562011747909,0.4574858636515308,-0.15387838024956924,0.26166948477923285,0.5041524073610445,-0.2983802102236118,0.4398668046518112,0.03185544658101047,0.07675661113419041,0.15118671917043974,-0.49652484057645235,-0.10418374144016394,0.5159402277247931,-0.007803795473911239,0.6401317068627108,0.1899102595858007,-0.0235500811209799,0.34891431057097605,-2.7028889108473293
0.005,0.2,1e-05,2904,264,0.8636363636363636,29.387339811563812,29.58261096818652,1.1116560834832252,0.10734804235956988,1.0050248320840223,0.8465532576691085,1.070681670228824,0.6260847104335924,0.43679208091647564,0.5776208620886358,0.6368110666001925,0.4172011092228419,0.19158590736635728,0.43269036978912756,0.08126026487297912,0.2495297861131329,0.05428095572891599,0.9041784285621182,0.20852044639087278,0.38892018958891966,-0.2504075950652684,0.40290299258542117,0.40925365249685813,-0.30044879477993064,0.27746135623038076,0.11398834462819453,0.10731524495100003,0.25086025207259105,-0.46575558394269556,-0.09220071754119136,0.44373281828899813,0.17787778078579355,0.6701980969552246,0.057279144907104014,-0.020259518612326066,0.2689080834162875,-2.7235303464604677
0.005,0.2,1e-05,3047,264,0.8787878787878788,26.98568002824227,27.040462803117833,1.0646369033151912,0.10689749064472433,0.9700076439906101,0.5969722372235882,1.0124655900865647,0.6783916713755114,0.4189418542622637,0.6704590068658185,0.49786646171465787,0.38616758997232337,0.15293693358454918,0.31438847355812044,-0.028795693893956375,0.2340298587059208,-0.000332169836321089,0.817424924338547,0.10031316455243813,0.36136235688277024,-0.20143422163213584,0.13975038862181122,0.4657718762536225,-0.3059283183537197,0.425702461790162,0.09877457370362511,0.09539005823845742,0.05146449996474761,-0.5412552472942557,-0.16740066429153316,0.47815898038950994,0.0858641919833249,0.7834828213850601,0.23467825039255008,0.026029895680162958,0.3228181666315041,-2.723602887826104
0.005,0.2,1e-05,2855,264,0.9545454545454546,25.248851871936747,25.117216543520893,1.0337641875270938,0.10750286364477646,0.9822090355321291,0.5864329367702033,0.9812993843142988,0.6815052290278597,0.3530417031582927,0.5811500166993634,0.5444685734332612,0.275820484029474,0.1313002542007704,0.2794696414228529,-0.07205616514210944,0.32945886390100987,-0.04377854595858974,0.7487483873170265,0.07266427923161725,0.3633427980208589,-0.18472039224426204,0.2974179993884025,0.39838757160086696,-0.35691512535628095,0.3955849234404291,-0.0029112454575784914,0.0516452310052477,0.18328665271472017,-0.49168738919592037,-0.21850286592166832,0.5194038559863298,0.07922278075265676,0.7140429230169107,0.07968408562201003,-0.03805605648961763,0.2742402799439684,-2.6831497522163024
0.005,0.5,1e-05,3516,264,0.8181818181818182,55.266709145970964,55.326125641165966,0.9827186002242703,0.0902831092924356,0.9707366386970108,0.5979161598710863,0.9355884106859186,0.647804806426287,0.48677680507916243,0.45294103518732076,0.4467535190641802,0.23965373445219634,0.06426051887928716,0.15470297176857908,-0.051272338764452204,0.2755962247188391,-0.052426914295492746,0.6090230201731269,0.0330260648885149,0.31301829539410164,-0.2015870069804228,0.2899902447643688,0.2751937415590525,-0.4225712553013861,0.262346240612517,-0.014304564709606947,0.11478823497532281,-0.027950219739928832,-0.509621863448231,-0.3137697705729894,0.5421996427376397,0.13371030892443295,0.6479229350979883,-0.12425552812925306,-0.04396860016015547,0.21967273530692003,-2.379173335914919
0.005,0.5,1e-05,3670,264,0.8787878787878788,55.14909238109759,55.22585519955602,1.0587243443953769,0.08926651505399236,0.9185044285072796,0.4449844146568586,0.9358786816922068,0.7201172258690222,0.32307803435390353,0.6693439803348556,0.48366729003612596,0.18734113615934767,0.11977253768763654,0.280247324454436,-0.028168459696348958,0.13191789166929,0.08081863016387565,0.6242607113198004,0.03269610215799733,0.4185918097360065,-0.1282028954879297,0.1739007655912525,0.4552407985319859,-0.38697305668533544,0.38690996325063853,-0.03439047545370606,0.08924637465078489,0.12786182260597753,-0.5341291438884692,-0.11977019338911345,0.4092272905476314,-0.07310502394644106,0.5315905655792719,0.10301567055487731,-0.027775641848423547,0.19000334106038533,-2.3619778239081604
0.005,0.5,1e-05,3890,264,0.8636363636363636,59.00332132192263,59.15720743993787,1.067198793150959,0.08783406248559834,0.9129398811187059,0.7443931913090983,0.9963086496702301,0.5599364475031072,0.4343144968749232,0.5198705252664448,0.5691964094487695,0.3513855957811705,0.12255633824963616,0.3380227895165405,0.04280557120160978,0.20025011031176868,0.045945320284374425,0.7271699969971561,0.13941923430277942,0.3376742784519577,-0.22388427903870006,0.28902988977049243,0.37170903466192323,-0.4387781068623746,0.2131355511232427,0.023165435271344043,0.12446901057328084,0.25712718361504855,-0.5100854525266845,-0.12167844076577225,0.3289784722287485,0.1074887707416533,0.5752690433049591,-0.02173484658872041,-0.014955957552530206,0.07540419578449149,-2.3973577971722584
0.005,0.5,1e-05,3955,264,0.8787878787878788,54.26087608229678,54.31206053506051,0.9927810843878896,0.08741525356384007,0.8909732619314429,0.47985656106440266,0.9429715815857024,0.5958922506902747,0.4359800431311407,0.6129396577112802,0.4401967030421585,0.3435526911366739,0.10211435742972462,0.22836531907097726,-0.05356135517253651,0.20438069498173791,0.0032799706802026187,0.6593933858976717,0.05117157699873766,0.3078949458779374,-0.17122401702939186,0.02290841640359342,0.41812550154198314,-0.40409401405287654,0.3767082193297739,0.032095207301463265,0.10020808203416358,0.02172962441865791,-0.5933768556495994,-0.1886141202560619,0.37342223137892283,0.02462870453599234,0.68716547732434,0.1510968952280328,0.03231954080943946,0.15015714620771436,-2.377441498554016
0.005,0.5,1e-05,3498,264,0.9545454545454546,51.35033256435672,51.24060716947926,0.9751702517237911,0.09040268515282295,0.9041080385245318,0.48198764477054734,0.9193077473999814,0.6147333017632254,0.3525219907103763,0.5348473639993803,0.4953042122058225,0.22532434347437114,0.08272859147004925,0.20489544578675528,-0.09301129244518742,0.30033942611843084,-0.050072780293112795,0.5994075356234851,0.019443203868617694,0.3155026075560168,-0.152036433662669,0.2024154337671625,0.3561531386441694,-0.449052704250371,0.34544227996576415,-0.04640075222420674,0.06590461795568228,0.1737055724894,-0.5090515323794756,-0.22781067662094842,0.41958188465054974,0.030341078482225392,0.6290484226886507,0.012512205654978119,-0.03856563078057868,0.13636036634648233,-2.357142010087727

0.001,0.01,1e-05,12049,264,0.8181818181818182,1.7975241242597961,1.8714610503591869,0.4560318856230906,0.7400270917293341,0.8282913320423199,0.7982547346769843,0.8891435697395548,0.41842691115554065,0.9410124116209508,1.1903959747414041,-0.02093491474964276,0.10987285671763099,0.27144543042276814,0.7637222487967635,0.5146495759470809,0.4083838501843406,0.23267954669639926,0.23350454237873233,-0.035148267546415826,0.6533354805063195,-0.03499064959309711,-0.30771655449387864,0.006404340527863968,0.07606681702527084,0.016763744645497822,-0.34190173070108903,-0.05636224864375948,0.3432347175920821,-0.10361740894722529,-0.11625052743493275,0.7120653572424281,-0.06294038563863923,0.2160784423853222,0.3402451485399993,0.3033430581926709,0.3136804648623568,-2.3778741688354845
0.001,0.01,1e-05,11926,264,0.8181818181818182,1.7698507058937873,1.798086711923652,0.5388850429652624,0.7400538637858458,0.8196997750011306,0.8258663472580099,0.9063148728568904,0.49591615458690397,0.9489262500373877,1.0857174812180368,-0.04897505749360226,0.10927356226494839,0.2719912514979291,0.8731490365490379,0.5230574454596034,0.33241888228956024,0.16776561873379867,0.20094408918111634,0.039332677459494675,0.526692086618038,-0.05916821204907032,-0.42142208125664893,-0.0038605623927958754,-0.04458878353007841,-0.023990592339587637,-0.15725738615919638,-0.013243477579668716,0.36856448210124954,-0.17113095328019748,-0.06065431235001843,0.6201548846269399,-0.07808651918776881,0.17093110442944595,0.42891417819986183,0.3114970200629394,0.2180622271801198,-2.3016474170187657
0.001,0.01,1e-05,11886,264,0.8333333333333334,1.775271883511525,1.834782077895113,0.48609820328634756,0.7400625703543856,0.7006889469658995,0.782360195258254,0.8682217076766994,0.4584314905716529,0.8716072591312897,1.1964799144700842,-0.005356420772300967,0.2426818642680078,0.305449189883211,0.9323653527463635,0.48484587853176647,0.4041003316915934,0.19646849577702782,0.30158389502370825,0.05846232840252581,0.6222482259225761,-0.08764610511360922,-0.3143675567550929,0.002338126979638399,-0.014729313828341209,-0.13617197665087985,-0.23795255924595712,-0.07503384410899576,0.4007277818604996,-0.13350770257962127,-0.14509129057646641,0.6695015051903287,-0.03559308860372421,0.16954456316578392,0.22608761508621017,0.3593691662298104,0.2300319704524911,-2.3629140706726623
0.001,0.01,1e-05,12185,264,0.9090909090909091,1.699029241282608,1.5812530896695824,0.4529055640294464,0.7399974912333259,0.7632812039475653,0.8080808277657797,0.9187762553126195,0.5352311766356482,0.8662825879828933,1.1487492351923037,-0.03959608835599339,0.24205270349149674,0.25638586798696916,0.6786640127719799,0.4730857265257223,0.3441592901833456,0.13356846979088266,0.136094300134337,0.0013024416189305029,0.5480088386190382,-0.09873738534599458,-0.33482435341243316,0.020792573354845682,-0.1000742748393517,0.017449510481889786,-0.3486893368158683,-0.001717598615614698,0.4283477232763036,-0.12433382448040196,-0.19677221072951268,0.579746565298524,-0.015158710262802856,0.11050456158210943,0.31089048222266424,0.29669590023451714,0.18454609359894716,-2.1944777474739348
0.001,0.01,1e-05,11050,264,0.803030303030303,1.7991603817212798,2.022656319753552,0.4895763149274719,0.740244561080509,0.9218053922107735,0.9329150064168054,0.8982744113655188,0.32787252812371726,0.9209854278355498,1.0576324763691614,0.031502472892577835,0.13714560815837545,0.38814257412489367,0.9037144813475482,0.5296409108976724,0.5979866606918348,0.24641515501110897,0.19603231115942343,0.09671478995658367,0.5724358012505271,-0.04483506100006955,-0.21045585465950117,-0.025214561772238457,0.013954261879318178,-0.1485231526107504,-0.1898639935282263,0.05875403218347704,0.4303442305377425,-0.0646746560908336,-0.20766328322497665,0.670919391458154,0.007821746042690746,0.019564591570058708,0.18895716841544774,0.2735755602073186,0.14801995458282596,-2.406061374028657
0.001,0.1,1e-05,14311,264,0.8484848484848485,13.552136425809817,13.614231914990798,0.5096574049280798,0.71204376815766,0.8313215462062764,0.7653351882922821,0.8876559303360811,0.4115406210534505,0.923119020053705,1.1711488215664654,-0.005366046723302083,0.10228140267520755,0.22613520232623868,0.6868014547332004,0.4638333358024758,0.38147312326104543,0.215463539215943,0.21793518389106672,-0.06331909294126803,0.6205525200383448,-0.03156682529177462,-0.32914566005371276,0.020848358677677564,-0.0020560531567900627,0.03301451817205113,-0.35952870205488696,-0.06594596209521868,0.31653658096592696,-0.17566152291530643,-0.15914417327049415,0.6794734557911689,-0.09370786009251374,0.24176716268369425,0.2759285353171361,0.273902321244199,0.24998228452019686,-2.331025162041614
0.001,0.1,1e-05,13212,264,0.8181818181818182,13.340239325822246,13.371866527263293,0.5729667501735485,0.7143490720868578,0.8149657126167646,0.7924668579787548,0.8997064638026095,0.49371632571507296,0.9290519855302756,1.0538717970106772,-0.03907281362834916,0.10329826700179313,0.24233502898679857,0.8239710626222565,0.4873518869858683,0.3092083566138484,0.15345022688972948,0.18538324945907256,0.024187353527777514,0.49428929525628307,-0.05822730008508846,-0.4387199109977493,0.007691990133737405,-0.10175803819437086,-0.016210859857087763,-0.1540238897555678,-0.012180345386089132,0.3493864387435088,-0.2205352554520269,-0.08616901980441927,0.5916940161377983,-0.10273363087556005,0.19044205533910524,0.39288764201312804,0.29513758389010436,0.16602003173898952,-2.255286130714449
0.001,0.1,1e-05,13450,264,0.8484848484848485,13.387774080171349,13.44556990028397,0.5254229339380524,0.7138492019762435,0.6955306406153055,0.746643746711525,0.8647515573179232,0.45256748996750784,0.8533522981870795,1.1686515715299322,0.01304533490158536,0.2438398163502787,0.2768298205923321,0.8811967949491646,0.444441395584036,0.3786745267807818,0.18462569892393865,0.28780217316061496,0.04628110759782846,0.5921123288290028,-0.0812241754384688,-0.3326765208620677,0.01777302347545179,-0.08436820342122887,-0.12975565011659412,-0.24098285754774523,-0.07642886878292607,0.3827643063358888,-0.1853018669838759,-0.17788944851572866,0.6421628885289984,-0.0618835264851358,0.19280263344387363,0.16581413047690097,0.3491364523137701,0.17181827789695645,-2.328717403439309
0.001,0.1,1e-05,13303,264,0.9090909090909091,12.497535027934962,12.390087707750256,0.47643163687809714,0.714157903961545,0.7568616817526209,0.779209079493006,0.9134746877391218,0.5307723907699987,0.8444951326620352,1.1182881636467459,-0.026433451638396603,0.24288074273839044,0.23405316641601254,0.6233660399733226,0.43817810277444297,0.3232537826852932,0.12055898639707012,0.1217980324780445,-0.008012483286394003,0.5202613347815677,-0.09824517628956263,-0.34220694208380315,0.03018104977319636,-0.15048919767893795,0.031655368257190473,-0.3522906437061023,-0.0017841990521628845,0.41513342018646976,-0.1611540549948227,-0.22242724433157018,0.5516638537168277,-0.029717240373143217,0.12032564462971869,0.26838892968095124,0.28174288968042605,0.13804847632393313,-2.1429872668350756
0.001,0.1,1e-05,12166,264,0.7878787878787878,13.893159146102281,14.11712158633326,0.5189658884164945,0.7165501332476532,0.92436528013072,0.9084765319438242,0.8898515585070024,0.31782773995797536,0.8987172131388831,1.0268836806110881,0.04158055181790677,0.13250533152635913,0.36640579675753354,0.8584527143293947,0.49007186922912993,0.5893935599302664,0.2327080544297288,0.18087748119780922,0.08347937741795683,0.5434051726089364,-0.04213628174112384,-0.2180888810858529,-0.019065066834114644,-0.04067478639192891,-0.14634600447631357,-0.1918963203216498,0.06235959673337938,0.41779268061474234,-0.09926000258490647,-0.24152007306365147,0.6488604941601803,-0.010631972105671815,0.026004040575853645,0.14115360257577872,0.2578912654309399,0.09658825895934489,-2.370953037055556
0.001,0.2,1e-05,15000,264,0.8484848484848485,24.989522195257354,25.04592801447088,0.5179092964127444,0.6799335456365185,0.8161465465785139,0.7336347844917457,0.8684995294985739,0.39993760895899,0.8955197730426211,1.1349257047510266,0.005043130031244572,0.10019242261144866,0.2052034097197899,0.643966970152532,0.4346738240152743,0.3657314606791697,0.20556088962154664,0.2111940926951304,-0.06956851700963843,0.5941734183446034,-0.028268216640091593,-0.32174979078960014,0.02854172701414613,-0.029108085250018838,0.04123360070817547,-0.3526783763928191,-0.0637105742551776,0.2996860139971449,-0.19615182086046606,-0.16559161853590101,0.6508264272648896,-0.09784035543481948,0.24792424765731452,0.247043244327154,0.25941206882704776,0.2223448822550157,-2.260935086783202
0.001,0.2,1e-05,14607,264,0.8333333333333334,24.66933759678943,24.704119818966834,0.604589219742725,0.6815072149138145,0.807139566155833,0.7531104803378299,0.8895171588268367,0.48835697521573407,0.9037069619182976,1.0145026292324455,-0.02622107608080075,0.09838546306611658,0.21097206562544693,0.7692446309307714,0.44910160273622957,0.2864210150323876,0.13989157482328302,0.1709531800412965,0.010076433721657204,0.45999557962287685,-0.056389004006799456,-0.44700780861472045,0.02083770396244434,-0.156063873388117,-0.006149373089105984,-0.1454758590089377,-0.008693027048694636,0.33001270394548793,-0.26944041004752667,-0.10657991244172094,0.5586449004586566,-0.1222823608647998,0.21022059682095237,0.35581197425651157,0.2764520480872164,0.1136970774129638,-2.1967260985187727
0.001,0.2,1e-05,14977,264,0.8484848484848485,24.74511476558027,24.80109546882208,0.557319659493576,0.6800255431394354,0.6876128974746413,0.7062037931467888,0.8564233898497657,0.4433685228542988,0.8298218395540644,1.1317715858824562,0.03297284247156664,0.24403006999146093,0.24826423223516808,0.8260252485986703,0.4036682301084473,0.3540996011913461,0.17356419511135296,0.2752425331922772,0.03614642705206708,0.5607797753241428,-0.07331016555313992,-0.33907910849228506,0.03304065004755988,-0.14469900999354776,-0.11934270379183497,-0.23629363657965471,-0.07414803510574029,0.3650023917290138,-0.2314639727146926,-0.19960872579871597,0.6101265877382807,-0.07972914704389066,0.2136270673123356,0.11048126769415803,0.3363549166898109,0.11869568465669661,-2.280222424200786
0.001,0.2,1e-05,14520,264,0.9090909090909091,23.072103963884224,22.974925363221562,0.49825373987006916,0.6818560765391957,0.7484654407850867,0.7456172467810588,0.9054533319433454,0.5231058718127848,0.8187574924807792,1.0803246148241974,-0.010229677215510963,0.2438630135579453,0.21064984525507055,0.563534153445638,0.40050241584071283,0.30194978922267296,0.1082924607527283,0.10898754569794142,-0.0157337376579016,0.4903759416272051,-0.09668607045631804,-0.3427574990063075,0.040612995821529975,-0.19885334616065514,0.04840166815366771,-0.3504324985694657,-0.00029223057553393717,0.4010137729259147,-0.19790422541771172,-0.24293844385076216,0.5201277169868368,-0.040071281342850734,0.13038368067945424,0.22464360601992342,0.26489868469266264,0.09129133966779378,-2.082256265342481
0.001,0.2,1e-05,13573,264,0.7878787878787878,25.821254306868312,26.04550062782001,0.5523542922954758,0.6856650263759134,0.9264893110590025,0.8764912504397052,0.8790223985706748,0.30592819894714757,0.8706849461014756,0.9880468235061263,0.054546838927437474,0.12751188960932705,0.3409034635332816,0.8030084321000805,0.4427807107985576,0.5792647101034867,0.21759113608070157,0.1645542406724969,0.06935947304489101,0.5104491600874553,-0.037446759690201364,-0.22177888613602534,-0.010380295460410869,-0.101734804339487,-0.14031137309556024,-0.1904346906494516,0.06799268725938959,0.405305454514186,-0.13829189201852893,-0.27594327156515264,0.6221601807351909,-0.027935607645909428,0.03485035414361371,0.08784293287212178,0.23978959405881672,0.03788618793523569,-2.327011858814795
0.001,0.5,1e-05,15000,264,0.8636363636363636,50.90454034985793,50.9520349542098,0.4923243464089636,0.5956425642472281,0.7585464934767645,0.6538624385033961,0.8010071323961032,0.36575453702770033,0.8158055068844557,1.0268030978130436,0.023748764935361537,0.09869724631384663,0.17629460977445768,0.5699887336455552,0.381583552801511,0.3348046745861715,0.1862581050052809,0.20050028050578744,-0.06665413882268516,0.5318239172695035,-0.021634986646161276,-0.28144643947675724,0.040319591350921516,-0.05072093643820817,0.05187472087921279,-0.31609359018682426,-0.047894421936161946,0.2621228487257297,-0.19680173956472022,-0.15224224659535532,0.5834694884531599,-0.08891038015626257,0.24483573410623943,0.2067570974230735,0.23914637861179944,0.1861292655327598,-2.0565112568964588
0.001,0.5,1e-05,15000,264,0.8333333333333334,50.349045030522156,50.381909411608824,0.5833118330484643,0.5956425642472281,0.7535227487448384,0.6678016111128754,0.8264178478872148,0.4482563273657663,0.8252113728282837,0.9103573273313438,-0.004676844251335142,0.09596399037046911,0.1752212443941117,0.6797584968961781,0.3908399070284936,0.25814804041697187,0.12559453306107748,0.15863543745075748,0.0005695480726840596,0.4033134799532536,-0.05018656872940298,-0.40329564279724794,0.03597744672017274,-0.17785094081929934,0.00883320170415531,-0.12161594526258601,0.0031876563563406368,0.28951074063234383,-0.27912901567569987,-0.10265978116136344,0.4954591314870101,-0.11882212349040368,0.21709072640691146,0.30246961936068684,0.250399352660321,0.07374117446488374,-1.9978690035587114
0.001,0.5,1e-05,15000,264,0.8787878787878788,50.57499873808877,50.62560409197757,0.5287162591510222,0.5956425642472281,0.641684793131444,0.6266168694347913,0.7947671840227138,0.40477584290088625,0.7573638809314909,1.0232986199716878,0.04989483227682315,0.22976975931012222,0.21778900616966257,0.7386395747598248,0.35428709462683705,0.3216734736124283,0.15935823621000744,0.2587391934751661,0.030110638279267278,0.501749089668876,-0.06331211290091955,-0.298663022207616,0.04451109883260898,-0.1568461497686722,-0.09479965108031181,-0.20725512983693792,-0.0569471227859141,0.32154843503719827,-0.23183938396224033,-0.18352074854212996,0.5474800004513273,-0.07468259674716665,0.21716344934763623,0.07679882290210822,0.3105830655953376,0.08738297765900475,-2.0876956920351084
0.001,0.5,1e-05,15000,264,0.8939393939393939,47.04416462255169,46.957629876088916,0.4815647942726652,0.5956425642472281,0.7009774881101497,0.6634749234929028,0.8456296454289001,0.48159788833799766,0.7463572720623178,0.9713793908897475,0.01463017270616844,0.23479977889381512,0.17885340730993007,0.4809763890270469,0.3420812344081829,0.26887886164697244,0.09577085909706004,0.10141174616574239,-0.01900005833813585,0.43261482426706105,-0.08723181916874176,-0.3053947528663839,0.05389026314103783,-0.2217358149411968,0.06649788592866179,-0.316782970049127,0.010498538643698865,0.3555543313312294,-0.21041733118303924,-0.23030322314249538,0.4625853535896004,-0.037661121145171235,0.1388525219778768,0.174896215411906,0.2393924123205845,0.05208926823363813,-1.8919149816746417
0.001,0.5,1e-05,15000,264,0.803030303030303,52.87741457216966,53.09303543217315,0.5606768867297196,0.5956425642472281,0.8824960926329679,0.7786803002709127,0.8201944279885786,0.27423570258952884,0.7884898711154286,0.8815244163475198,0.07655001210856854,0.12065094642608609,0.2918763662030651,0.6906014388040937,0.36125565213905125,0.5369552465055719,0.1927505731594707,0.14513336856215436,0.05267697493251454,0.4444423149432429,-0.027578462616806552,-0.199505443243528,0.00999760483968981,-0.16489466890010288,-0.11207353186411571,-0.16666696632848987,0.08029938572535081,0.36381196253701875,-0.1717959288794303,-0.286555260534393,0.5561382502608295,-0.0388829727847488,0.05662962785870285,0.023040511746832148,0.2131109033143665,-0.030133611295146384,-2.1437131804974565
0.005,0.01,1e-05,2865,264,0.8333333333333334,1.784524422115643,1.8495051340750175,0.517586184450417,0.7395318727528456,0.8506643271027831,0.7918409382122429,0.9102953653381196,0.42296733512282,0.9496477683929182,1.207064141715436,-0.011224915166605393,0.1030193108321271,0.2361020867553615,0.7119370803234338,0.48189293408355166,0.3921996221651796,0.22228365984635462,0.22204578600055688,-0.063907543186657,0.6415870528699945,-0.03376944307704692,-0.3414799837133646,0.017139992473051043,0.005719260508862656,0.02972199716381962,-0.3709248209413012,-0.07079199439180002,0.3292299379572058,-0.17502491065748005,-0.16267316376259147,0.7017342074095141,-0.09595280140457034,0.24268860577257978,0.2899444011199745,0.2809129425895993,0.26250775819726613,-2.39924631303291
0.005,0.01,1e-05,2757,264,0.8181818181818182,1.7591526158145823,1.7932687173754431,0.599762234943343,0.7396493372291737,0.8385331469091066,0.8150552925167324,0.9268308215150036,0.5110420125421133,0.9557626065023492,1.0859484624031222,-0.04259414693273187,0.10244686214163316,0.2442619755513203,0.841072219371483,0.4972217361060647,0.3123706716572871,0.15425999765771245,0.18502074147572653,0.02186171961507481,0.5055316795328522,-0.0604113100918636,-0.4635243874857959,0.0073211041972890455,-0.11831372353972464,-0.01807179117227268,-0.16055065123785067,-0.015761489307117158,0.36004537531138026,-0.2408450431251572,-0.09749863707959508,0.6062530488923064,-0.11364063630516805,0.197394978640372,0.40096523587084326,0.29865963317479527,0.15967928296206685,-2.3258036441114136
0.005,0.01,1e-05,2782,264,0.8484848484848485,1.7636260056620652,1.8229597560150468,0.5465240804680971,0.7396221447187054,0.7134004152622626,0.7691802169238239,0.8891512075343053,0.4665527279819384,0.8778613268971218,1.204927813234137,0.011718761475743583,0.250201584133735,0.28175510932731,0.9032048106610836,0.4540346286600838,0.38593917154730667,0.1878524020417846,0.29191691129625785,0.04582077298517209,0.6086468023440685,-0.08345786417327983,-0.3509619649441734,0.017466931856933973,-0.0962611029270915,-0.13700921309521774,-0.25146934507903285,-0.0828420379919644,0.39616384680949096,-0.19856587158225641,-0.19038056034415912,0.6596262450555794,-0.06867457960347727,0.19735030107447368,0.1646008253968429,0.356512920502501,0.1701769276773134,-2.3973273541412876
0.005,0.01,1e-05,2795,264,0.9090909090909091,1.6887384520631818,1.5824408414450675,0.5017655029853813,0.7396080050083484,0.779104365569786,0.8023506688179904,0.943134701978012,0.549241174128794,0.8681685770562304,1.1536663165003083,-0.02822142743274205,0.24941975129157612,0.2355040280622661,0.6278677197467989,0.4447450000791535,0.3274223605054372,0.11957438360763188,0.1177616916418603,-0.011590057223295603,0.5323915526737326,-0.10264499781371746,-0.36262961449041936,0.030554843403991016,-0.1720669399531132,0.03398014766268911,-0.3693971634429328,-0.006591368496644529,0.43131510173960325,-0.1809868772030477,-0.24325740063084605,0.5620505417476062,-0.037568444470892824,0.12289218373860332,0.26582823248058857,0.2841510288031915,0.12712033291418554,-2.2100375215147396
0.005,0.01,1e-05,2559,264,0.7878787878787878,1.7890920454791908,2.01897022120283,0.5458726086091774,0.7398647372292274,0.9548569467270672,0.9367312851800454,0.9165917063392277,0.32594560959818514,0.9223734711181163,1.0550833217888125,0.0420913842244358,0.13298929461822837,0.3724159338930774,0.8741064130266238,0.4947318504325615,0.6068173647692303,0.23485841765424456,0.1792265322279646,0.08112780612410742,0.5540207590846218,-0.043127029892329645,-0.2312755118701504,-0.021722447665899963,-0.059083966046997415,-0.15526242389112901,-0.20159610351008622,0.06180470320749398,0.43280847492439906,-0.11570908294374148,-0.2639970285718435,0.6637646503271836,-0.01723611709706049,0.02243636672564289,0.13177970204880263,0.25742717479306443,0.08315647721226105,-2.4435074613885943
0.005,0.1,1e-05,2935,264,0.8484848484848485,13.550603964782667,13.611355908479087,0.5188066403499269,0.7112816886773762,0.8344868716196139,0.7640022512836735,0.890640592351595,0.41205821470685244,0.9239778562755807,1.1729559021190725,-0.0034549761715055812,0.10149024023017747,0.2207324529820277,0.678605886851537,0.4587792325690661,0.37920332364351267,0.21403694198492054,0.2165214695567957,-0.06718307431919758,0.6187117942097642,-0.0311580573202062,-0.3329422850604466,0.022658638099108067,-0.012135590118552007,0.035317987516511426,-0.3629362317927447,-0.06777689470437485,0.31482850462173406,-0.18631013955055126,-0.1650878209634213,0.6773592483332789,-0.09762973893830124,0.24561839789680862,0.26853757666405315,0.2702651098768925,0.24242045023034178,-2.3334805541594688
0.005,0.1,1e-05,2695,264,0.8181818181818182,13.339307665817055,13.371726664826497,0.5811667532709901,0.7137965485064093,0.8173744461382395,0.7905842809281268,0.9023122502694996,0.49559662712888525,0.9296443500777222,1.0534040670156957,-0.037981838083933746,0.10245622201002981,0.23840495847984144,0.819216872221116,0.4836351294355092,0.30651133285793203,0.15165172170081684,0.18329569594128278,0.021851205664375147,0.49126373130120354,-0.058345586496959166,-0.4438677725401658,0.009340804970325007,-0.11167806972245188,-0.015236377739780092,-0.15411010432869102,-0.012346711764794934,0.3482017141623021,-0.23007058417137413,-0.09086784592581626,0.5894848875017796,-0.10726101543706101,0.1941179113818799,0.38897696533396037,0.2932422123102526,0.15799052535957245,-2.257854504634545
0.005,0.1,1e-05,2748,264,0.8484848484848485,13.386819227494176,13.444594281393242,0.5336080806609684,0.7132404197445084,0.697219255837048,0.7444261596673066,0.86747347427996,0.4535254736124419,0.8539149672550276,1.169246510795611,0.01564217896319555,0.24488093480755907,0.27342678469688736,0.8767438672598196,0.4399965722175947,0.3761629082767423,0.183456581505411,0.28653317195092404,0.04462341749900358,0.5901085769662011,-0.08050719510867703,-0.3370280404723186,0.019941124468381786,-0.09539806579126002,-0.12956403028108382,-0.2423426708952787,-0.0772684613185322,0.3821584431489354,-0.19426659385825998,-0.18355414229626482,0.6404259464181511,-0.06598932117811535,0.19665155674413035,0.15733855134449803,0.3485648552424433,0.16359082911097758,-2.332802335378432
0.005,0.1,1e-05,2711,264,0.9090909090909091,12.496637175431564,12.390751966320888,0.4829977786887022,0.7136286149002097,0.7589168668319082,0.7780925761062177,0.9166428752999418,0.5324803638044483,0.8444917610066134,1.1184407917805248,-0.024649718441800212,0.24391929236785903,0.23111054168671372,0.6161214911368355,0.43409713728454086,0.32094821467715434,0.11869173476747065,0.11941412128497488,-0.009681007535116205,0.5179710564147352,-0.09871757414950615,-0.34552922228839555,0.03159861910782834,-0.16021260317737665,0.03409769884482667,-0.3547518369568979,-0.002320942274388905,0.41544312021507285,-0.16889687739103182,-0.2284257178525493,0.5490134268556148,-0.032501204187104234,0.12206720893055369,0.262121818036966,0.2799215634747876,0.13017265608049106,-2.144525227678381
0.005,0.1,1e-05,2482,264,0.7878787878787878,13.892364904600871,14.117141058225153,0.5265174778609085,0.716035933131121,0.9286448126748956,0.9084972196969843,0.8920883598243743,0.3174710917466547,0.8985527868355548,1.026057160019002,0.04314612896667072,0.13196134731358677,0.36411905273019113,0.8540020809618343,0.4850602589022316,0.590449480215347,0.2311171824790183,0.17863815169753597,0.08138703182715509,0.5407637638232728,-0.041812611576724806,-0.22056277843000038,-0.01844945278255136,-0.05057334038096095,-0.14698696116841306,-0.19322032310304316,0.06288943377272478,0.4180655448007155,-0.10616218582817462,-0.24888387248943944,0.6476491542496664,-0.01384632647812589,0.02655794503109703,0.13336427727110967,0.2556764809370309,0.08771027010701726,-2.375312617174147
0.005,0.2,1e-05,3327,264,0.8484848484848485,24.941322222739874,24.992254705449945,0.5555458994359227,0.6734247365091655,0.8284249442566145,0.7263457647979878,0.8800069832042524,0.4012554862271384,0.8969548324348335,1.1392927001828241,0.015139462243429111,0.09792889469647184,0.18232051276818115,0.6080251412211881,0.41296978497524217,0.3569324065984329,0.200260917519507,0.20666769399826887,-0.08361939076757287,0.5860761475525846,-0.025631955845321585,-0.33190155032877844,0.03709575953908872,-0.06923546678015766,0.052458866684552644,-0.36249567335542976,-0.06964100677790541,0.2942450208574649,-0.24000523180699454,-0.1857534410252532,0.6394064293505314,-0.10953583732466676,0.263281186250952,0.21703368614905577,0.24299209547205222,0.19141938120985416,-2.268342477960879
0.005,0.2,1e-05,2955,264,0.8333333333333334,24.669467716903558,24.704706677181587,0.6093911376106775,0.680833359962428,0.8085101256128632,0.7517511699068683,0.8910016672740128,0.4893520310695956,0.9038455075360383,1.0139198474868927,-0.02536414676813982,0.09800112156877641,0.20857277718432946,0.7662060595770303,0.44685116498545946,0.284965697986286,0.13893473977658688,0.16985274407444503,0.008810134920592752,0.4582214845061317,-0.0564132219603718,-0.449400996544728,0.02190987814012605,-0.16167510502379542,-0.005405739087311359,-0.14509715084370267,-0.008596038866434416,0.32945113167147,-0.2751017789780792,-0.10892696160514523,0.5571204827933248,-0.12451390577775684,0.2124266130424616,0.35357743080815124,0.27517507149216724,0.10898934753548581,-2.197927796935788
0.005,0.2,1e-05,3032,264,0.8484848484848485,24.74537191341117,24.801352320917903,0.5620283947271512,0.6792931946666092,0.6886287468589779,0.7046819253108818,0.8579788647254216,0.4438511273687729,0.8299935480553443,1.1317916184856236,0.034701230967243604,0.24467990216487662,0.24619411285646478,0.8231642636978941,0.4009681983933329,0.3527019189562517,0.17292600828862303,0.2746003948112965,0.03528095057552167,0.5596239938126414,-0.07277492246384513,-0.34096826840713085,0.03435290273240439,-0.15090339629658156,-0.11897204356359263,-0.23659121019641316,-0.07442434455548808,0.3648040650455017,-0.23671172873072344,-0.20231823547710698,0.60883839036178,-0.08162118185469862,0.2158510905688685,0.10561365920251502,0.33585163347027575,0.11399774862849933,-2.282320739942221
0.005,0.2,1e-05,2936,264,0.9090909090909091,23.072224224598045,22.97593312582916,0.5020978213441706,0.6812139375883028,0.7496864999219713,0.744793014803939,0.9073171671767478,0.5239656343823231,0.8186338661730325,1.0800739769903094,-0.008940082428207692,0.24454753553179032,0.20888868376448622,0.5590400355644968,0.3979932202112436,0.3006706210580628,0.1072961671348596,0.10774238409323598,-0.016553090120392765,0.48901129150614486,-0.09690448337439668,-0.34417847926578016,0.04150662702876816,-0.20437958207342086,0.05006090943755318,-0.35146738552356305,-0.0004944289372740625,0.401300514361413,-0.20249645818760822,-0.24604708095118955,0.5184047236647228,-0.04129633697549217,0.13141418674835145,0.22095128938171113,0.2637027372218136,0.08669455831381472,-2.0830140290271655
0.005,0.2,1e-05,2745,264,0.7878787878787878,25.821526966922754,26.0462177282589,0.5566904524497676,0.6850515826727731,0.9288851237857365,0.8761575514897617,0.8802131213108123,0.30570736036840435,0.8703648110627179,0.9872543935359555,0.05556299770118265,0.12723335573736283,0.3395316924172919,0.8001293687585644,0.43971247494810245,0.5798633178820416,0.21671760601392884,0.16335236144763476,0.06824408512589496,0.5089697199872795,-0.037122105235428235,-0.22274179063965377,-0.009895469556378456,-0.10728545085067584,-0.14036676647251073,-0.19085865446171135,0.06842535879357925,0.40566529533903917,-0.1422111504333623,-0.27979115366436363,0.6213387854794078,-0.029425419905618064,0.03528660145893976,0.08350216356272853,0.238494086151586,0.03279448124587812,-2.3292094269941868
0.005,0.5,1e-05,4675,264,0.8787878787878788,49.13192448030578,49.1583402726361,0.6396691580410322,0.5266140785623512,0.8006691275654478,0.603192302040242,0.8386345342407913,0.3637828551718265,0.7970675544923678,1.0118542606856524,0.08838573107356251,0.10117387108042508,0.07786524050402303,0.4076741671002571,0.28354679786044223,0.3046933198033843,0.16997745153609564,0.19639537387345685,-0.10611085474151821,0.49046930842268704,-0.005533764327711628,-0.26724498088112986,0.08784792654172992,-0.20544752923210818,0.11551327573012284,-0.312852950445981,-0.050259794711590734,0.24920154749852336,-0.36757351519945397,-0.19159466179615547,0.5099450849785804,-0.0937213414326749,0.3037079850038238,0.09067763884130606,0.16293080998097206,0.06285930309547325,-2.067362474026095
0.005,0.5,1e-05,3818,264,0.8181818181818182,49.69927610330104,49.740743109954195,0.6749640083065883,0.560867674994196,0.7766929208674276,0.6266597057864078,0.8508247654970227,0.4604602887365575,0.8150197180901717,0.881514774845289,0.02338804917177962,0.0936271238508284,0.12308889026926743,0.6066749265554316,0.34085745475926815,0.23384754420104525,0.11073997863250885,0.14334257261000638,-0.02023331165434411,0.3659760897935879,-0.048873516134004355,-0.4205697300492541,0.06294312934857436,-0.28113022520889025,0.031985797564736164,-0.09447076376703692,0.01545035048249973,0.28063797431787874,-0.3911574423110881,-0.13028486371188944,0.4531474767409694,-0.14371003376502375,0.2624211965533167,0.2589449946226969,0.21737770463668404,-0.018216070157880848,-2.0038845873932045
0.005,0.5,1e-05,3949,264,0.8939393939393939,49.75582194872919,49.80639797218521,0.6234624999631518,0.5554909388027337,0.6623152340849117,0.5795242098160235,0.8225468072416501,0.40934081641787384,0.7492847074818958,1.004941337410521,0.09658270736809216,0.24409543910552528,0.16835154903604355,0.6624103426699124,0.2888281008433027,0.29245104730278215,0.14697500218121637,0.249648878606058,0.01437120848575479,0.47331561811414685,-0.04775304066888925,-0.3085632963753744,0.07654791159194113,-0.2823677726982614,-0.07366687328735393,-0.1900532711191517,-0.05080925735148789,0.3185919364452037,-0.3437289782926952,-0.21509875031506887,0.5040364494264669,-0.09308206449728243,0.26419939645342255,-0.025051741421211287,0.2907591077080375,-0.009696844199363562,-2.1107627942163125
0.005,0.5,1e-05,3660,264,0.9090909090909091,46.567379847157476,46.49534483867416,0.544170437159509,0.5674218771380969,0.720496291538263,0.6398672316659993,0.8744760985685179,0.4891806680618235,0.7370181802199959,0.950788733891737,0.046340406419340674,0.24907579076436026,0.14645597816878347,0.3944415893877636,0.2934711914913206,0.2485305233619736,0.0827235645208595,0.08661624808327294,-0.027971787285840384,0.40620087562700447,-0.0887732224111102,-0.307761242286415,0.0726574809361387,-0.30956505945235036,0.10337124585458148,-0.3175011610819149,0.012216347689544445,0.3607728993705164,-0.2894036015113163,-0.26564990267240035,0.4257029632422133,-0.042794436829609386,0.15703346786552516,0.11207661198127213,0.21364448878943382,-0.024382192748896286,-1.8945196583273327
0.005,0.5,1e-05,3590,264,0.7878787878787878,52.50196433332324,52.7242193948629,0.6261294062571771,0.5703500678931502,0.9160363926681959,0.7588550669606857,0.8337090096690025,0.2686388238363298,0.7732258173465744,0.8569214184865475,0.09761913959303481,0.11875783973708375,0.2675560690455449,0.6335946914245505,0.30594019284021423,0.5447945519470715,0.18060751804877775,0.13094683018901987,0.03835051408371723,0.4216432892255285,-0.0184728402876755,-0.19630204488163186,0.023447561293095918,-0.24657728805063842,-0.09999915548807435,-0.15809814354628962,0.09291439703866142,0.3738742200189383,-0.23002239599336682,-0.3293150964768885,0.5369061534904997,-0.04800742614931317,0.06830920676156182,-0.03851197950060642,0.19145839977552898,-0.10766260594981009,-2.1640324057709464
0.01,0.01,1e-05,1468,264,0.8333333333333334,1.7840814543812624,1.8477647773163555,0.5268615841582195,0.7394546585515857,0.8541234346106089,0.7910575212795478,0.913664620820106,0.42371226499922526,0.951026811787944,1.2095962633642048,-0.009561055552025686,0.10218239323332902,0.23088569613962287,0.7042260027900462,0.47719220022755804,0.39006586925790016,0.22093572463375385,0.22058897891749493,-0.06785033749701025,0.6401195640382695,-0.03344474719817224,-0.34575119989981634,0.018792056940927608,-0.004230239510565824,0.03186661825358084,-0.37473003640052843,-0.07281798800148748,0.32770336225043406,-0.18565012082226495,-0.16887326684941778,0.7001169249124327,-0.10009918097372426,0.24652251980542458,0.2827769422659768,0.2774057968502336,0.25514649757331737,-2.4028369793861444
0.01,0.01,1e-05,1406,264,0.8181818181818182,1.7588276640710165,1.793784364913818,0.6085064199889194,0.7395895127769125,0.8413333689290923,0.813549191405649,0.9299175762468377,0.5132481571785998,0.9567879460902797,1.0860212324912013,-0.04156687994927421,0.10158362626427195,0.2403340405089149,0.8365354693513654,0.4936824028746915,0.30975269335007805,0.15248068492989753,0.18288847942081482,0.01952283006753461,0.5027327492959209,-0.06056276604121599,-0.46901987231934167,0.008945819069450515,-0.1284776894634678,-0.01711071939879184,-0.16066364022559887,-0.01598564876861891,0.35915955015620854,-0.25083954475388914,-0.10234346202029537,0.6042658191298896,-0.11826444328147591,0.20118556892788647,0.39726256554632566,0.29674077214302214,0.1514767748971403,-2.3295262899367613
0.01,0.01,1e-05,1422,264,0.8484848484848485,1.7632694173570607,1.8226123682970345,0.5554951978553437,0.7395547093322762,0.7154794128235891,0.7673042896927373,0.8924478280444013,0.4678340708465505,0.8789135991715816,1.2062023919318532,0.014401319797017965,0.2514163742478263,0.27828643104596235,0.8989255211317544,0.4495756869731963,0.38345982106351295,0.1866805164187749,0.2906087848496116,0.04411361099866968,0.6069147481363404,-0.08271794904495752,-0.35581217131030013,0.019675348748889567,-0.10793958317011229,-0.13694997959126348,-0.25305897209606565,-0.0838741241766351,0.39590111452790805,-0.2081876425008284,-0.19646699634937814,0.6581341182810257,-0.07302568208469774,0.2013953316121334,0.1557544311591669,0.356018792764392,0.16156170647658025,-2.4028119755649944
0.01,0.01,1e-05,1425,264,0.9090909090909091,1.6884127635862072,1.5837351793484915,0.5090786810750972,0.7395481838687393,0.7816282671347848,0.8016391757657223,0.9469717329584456,0.5513074436904456,0.8685743149269538,1.1544038683944804,-0.02636131535393769,0.2506255628891452,0.23249549997673863,0.6203486711470688,0.44063526410031906,0.3251799930706339,0.11765626620267351,0.11523312564180521,-0.013265246600193828,0.5302969518005364,-0.10318172798238183,-0.3662557997908314,0.0319806805365004,-0.1823809631672612,0.03662899423604477,-0.3721019415589873,-0.007247525370164256,0.4321216006714741,-0.1893863632385517,-0.2497190046904139,0.5594463480099607,-0.04038731307504444,0.1246788247834946,0.2593109173526265,0.2822300532864277,0.11877391529872684,-2.2128151938196017
0.01,0.01,1e-05,1306,264,0.7878787878787878,1.788783103457332,2.0195887368864485,0.554201720466707,0.7398070714164885,0.9598253335448107,0.9372448411136195,0.9193990792654569,0.3257799019676499,0.9226010917413736,1.0546798593724573,0.043687896085695545,0.13241726341075918,0.3701896062400606,0.8697054535370876,0.4896079562195655,0.6082696066394109,0.23326380045400227,0.17685852511458702,0.07897015038392068,0.5515682465865345,-0.04273552487924559,-0.23391043567726394,-0.02115609730115597,-0.06951660960456744,-0.15601865224960607,-0.203071316772491,0.06232941446317098,0.43361262320643956,-0.12311772292457983,-0.27191198093393015,0.6627978705459169,-0.020501705825153413,0.022893570792048536,0.12367458933479103,0.25508937911214347,0.07375455854909799,-2.4492682597457085
0.01,0.1,1e-05,1473,264,0.8484848484848485,13.55128575773725,13.611831770027788,0.5202092701462162,0.7111664103115753,0.8349999264549721,0.7638109355420453,0.8911253850913434,0.41216316032845035,0.9241339455907452,1.1732624908714628,-0.0031628151963851475,0.10139222014157137,0.21990056501211794,0.6773860718338033,0.4580073764296334,0.3788804220080389,0.2138117166711035,0.21631965338371514,-0.06779255424236601,0.6184366988407858,-0.031115664200909818,-0.33353439522786044,0.022923943598160478,-0.013687654519062153,0.03566267629551789,-0.36347774771458474,-0.06804967073451111,0.31454612717996344,-0.18793761739304055,-0.16601474041271025,0.6770569815747881,-0.09825460064816642,0.24622988860524053,0.26739923689697126,0.2697441248956558,0.2412585580095183,-2.333925493646994
0.01,0.1,1e-05,1352,264,0.8181818181818182,13.340008712976687,13.372568792123442,0.582596919298599,0.7137018723071563,0.8178225196065005,0.7902762169807802,0.9027948041309398,0.49594718549893296,0.9297767085136035,1.0533475634046023,-0.03779368155858431,0.10232873528677938,0.23771166670204222,0.8184281304971587,0.4829889065480087,0.3060629456724906,0.15133121692223026,0.18294301323285173,0.021424241219073166,0.4907366931705744,-0.05838923731855214,-0.44478590213657315,0.009618168878131135,-0.11341829114012669,-0.015076090787982832,-0.15414929102030692,-0.012372407152842442,0.34797368965115716,-0.23172292658536517,-0.09170761060879884,0.589118134350086,-0.1080744583064715,0.19477327042113365,0.3882814763136811,0.2929429946426367,0.1565913370418648,-2.258365946307121
0.01,0.1,1e-05,1379,264,0.8484848484848485,13.387683572998155,13.445464324800291,0.535043609672685,0.7131353257061104,0.6975444165292934,0.7440544939061152,0.8679797002024291,0.45372121041863017,0.854037395267271,1.1693897684447476,0.016094871394008857,0.24508761777619356,0.27282504118913126,0.8760084119258299,0.43922114465217255,0.3757512403842238,0.18324698362709146,0.2863333970752993,0.044315240784292026,0.589764371763695,-0.08041142028671733,-0.3377998526221604,0.020311544511296662,-0.09733262039148634,-0.12954079680741487,-0.24260934526797448,-0.07741566916663759,0.3820243959002053,-0.19583551205021216,-0.18457118066527128,0.6401489432739242,-0.06673191900836707,0.19734379349565748,0.1558460658657798,0.3484969970444954,0.16214482465839652,-2.3335820167081462
0.01,0.1,1e-05,1359,264,0.9090909090909091,12.497299367192843,12.391638516886747,0.48393252856180663,0.7135549466509241,0.75923593286599,0.7779483979154634,0.9171199529979871,0.5327501731237739,0.8445144147747793,1.1184918499339125,-0.02440030030057013,0.24408650962823591,0.23067636414538023,0.6151324541617572,0.4335130870926452,0.3206371694864135,0.11841428315220746,0.11908474882664133,-0.009946602914259063,0.5176455888536747,-0.09880826895467662,-0.3460270300608531,0.03179465719334118,-0.1616189195776749,0.0344284202843917,-0.3551367835911806,-0.0023887679225154004,0.4154515366017013,-0.16999345923168713,-0.22930351221898287,0.548658398081403,-0.03293138909007666,0.12233750349010415,0.261216539700254,0.27969332903944266,0.1290486011588672,-2.1447915720266484
0.01,0.1,1e-05,1245,264,0.7878787878787878,13.893097270052488,14.118012141748238,0.5277809209041031,0.7159515051715261,0.9293896091572708,0.9085184242837565,0.8924858940398148,0.3174322985514349,0.8985536129903988,1.025948640478394,0.043412026130417454,0.1318933109331253,0.3637298497528847,0.8533025481639168,0.4842289487665503,0.5906472520414955,0.23084789844815065,0.17827807813094126,0.08101834925060364,0.5403283937055086,-0.041790043366475724,-0.22099579612574496,-0.018353809295233284,-0.05224282429035853,-0.1471118593660016,-0.1934652012338954,0.06297829390117736,0.41807445213737193,-0.10732341555695157,-0.25013909821504177,0.6474597513547332,-0.014415467860364198,0.026669468877174616,0.13204130003202622,0.2553338819671024,0.08621888986068334,-2.3760970139534114
0.01,0.2,1e-05,1668,264,0.8484848484848485,24.94260085520984,24.993386131243163,0.5565882232802586,0.6732455265021122,0.8287956059136139,0.7261644883351535,0.8803605752522355,0.4013189156163563,0.8970215905692582,1.1394439677060213,0.0154279685346836,0.097895989701534,0.1816897910150455,0.6070703980387456,0.41238360561186216,0.35672537065910814,0.2001191888163447,0.20656778780997606,-0.08400840634824973,0.5858727961602137,-0.025573222406192173,-0.3321603559068113,0.03732194884090745,-0.07032753521820462,0.052769060429317505,-0.3627622722219102,-0.06978945832193806,0.2940996280200995,-0.2412067744974399,-0.18629416585588424,0.6391093793474304,-0.10984977003961369,0.26371860343147535,0.2162155331766331,0.24256801029971456,0.19057471848376503,-2.268642251858767
0.01,0.2,1e-05,1481,264,0.8333333333333334,24.67080747603033,24.70615159081259,0.6104230397351472,0.6806923286404906,0.808827274538727,0.751476351255599,0.8913434986042126,0.48958582329734124,0.9039018884408362,1.0138158587522759,-0.025183877343680185,0.09793185570124911,0.20805095818390398,0.7655873094610633,0.4463689748858242,0.2846669011897033,0.13872224964494753,0.16962272391488212,0.008519008944155413,0.4578379470988411,-0.05643756680965335,-0.44994473831060483,0.022131159030334777,-0.16289557743881458,-0.0052566398707284984,-0.14504423219314252,-0.008575287411965789,0.32930783577216666,-0.27630827887871723,-0.10945709397246156,0.5568099057805703,-0.12502435996005795,0.212912757214399,0.35308074326274924,0.27493076900157026,0.10797529471265732,-2.1982411163779365
0.01,0.2,1e-05,1519,264,0.8484848484848485,24.746991141334256,24.802978875508543,0.5628314579027421,0.6791724357159075,0.6888239578657636,0.7044370737383113,0.8582668437785872,0.44395716325063683,0.8300437318188473,1.131829799987831,0.0349907121140517,0.24480946930062888,0.24583759761028243,0.8227168332913887,0.4005120782415788,0.3524847504418009,0.1728133560521007,0.27450835054121564,0.03511579976684393,0.5594284972351656,-0.07271147532486759,-0.3413123562246256,0.034569384881122066,-0.15196811287304837,-0.11892233687219936,-0.23667765926463363,-0.0744747441707435,0.36473829343084774,-0.23760299663738202,-0.2028158825095887,0.608646729805634,-0.08197755699556213,0.21624738676603106,0.10477276872790331,0.3357986448284499,0.11318767126383299,-2.282735220084022
0.01,0.2,1e-05,1471,264,0.9090909090909091,23.073481615032165,22.97737068683683,0.502843633046604,0.6810928654666416,0.749944515760667,0.7446442901910214,0.9076997474205298,0.5241557652936346,0.8186296687229945,1.0800506510434493,-0.00869549608114294,0.24469428979766628,0.2085343449928007,0.5582038058048019,0.39750499185025917,0.30043375519494936,0.1070922776046977,0.10750612732964827,-0.016738208153773526,0.4887455490309272,-0.09696635099238944,-0.3444839556889116,0.04167541519994795,-0.20547491560041745,0.050365736458970654,-0.3517043744050637,-0.0005276114521237977,0.40132227628370043,-0.20338264135432874,-0.2466778694382937,0.5180895729133941,-0.041572180958380625,0.13163373057123615,0.22022048435999036,0.26349898649091946,0.0857965252169429,-2.0832001064863137
0.01,0.2,1e-05,1375,264,0.7878787878787878,25.822934672969264,26.047705126218663,0.5574343081611293,0.684950030959108,0.9293210101100926,0.8761181884085105,0.8804372329762962,0.30568629560688104,0.8703372203962058,0.9871454200749554,0.055741000616767296,0.1272034204505312,0.33929035301185,0.7996766531717283,0.43919478586266886,0.5799814132301051,0.21656502617689505,0.16315607134438745,0.0680341704471762,0.5087176089445448,-0.037096254703857544,-0.222934914319964,-0.00981983538541099,-0.10825611890691329,-0.14039808911387355,-0.19095994251095205,0.06849816442754739,0.4056860053477344,-0.14289202006767449,-0.2804822468659362,0.6212090630659121,-0.029720085377476117,0.03537731737186065,0.08273141250565061,0.23829730201141827,0.03191061661158069,-2.32963638694563
0.01,0.5,1e-05,2342,264,0.8787878787878788,49.13375600355007,49.16008814052468,0.6403799686350018,0.5262590218145716,0.800905698058495,0.6029905695843895,0.8388699610989134,0.3638057310085919,0.7969948510570269,1.01181274074719,0.0887398780025992,0.10123650047816582,0.07740977124365953,0.4069498505904585,0.28311908377612494,0.3046139195672809,0.16993878349414718,0.19642725574763703,-0.10624349802396839,0.49032170058264357,-0.005462256815541842,-0.2670504324009481,0.08808254198830825,-0.20611976886340982,0.11585325333137401,-0.3127467672011691,-0.05021176095984131,0.2492198292477751,-0.3683384193984644,-0.19165915178992163,0.5096004917343707,-0.09361625994672225,0.30397471616968336,0.09019723721626953,0.16256805935721858,0.06232291367402694,-2.067620875389394
0.01,0.5,1e-05,1912,264,0.8181818181818182,49.70157568496864,49.74310853440033,0.675625003766662,0.5606144826922173,0.7768904735207216,0.6263860797776206,0.851037062378015,0.46056594325389155,0.8149715480143991,0.8813319539524613,0.023605157492743896,0.09363497573137732,0.12271714298204833,0.6061871887411815,0.3405232346953817,0.23371495783822838,0.11065104474922269,0.14325912062607582,-0.020374198357812175,0.3657367007210543,-0.04887710322768737,-0.42065107862337275,0.06313187219491022,-0.2818394435320662,0.03215792936838805,-0.09425102598709573,0.015563647812772217,0.28059591667457207,-0.3919443694672859,-0.13044668482622793,0.4528568871324416,-0.14385248389015934,0.26275004239847644,0.2586593640647251,0.2171515515006107,-0.018852022494052045,-2.0040344376581167
0.01,0.5,1e-05,1977,264,0.8939393939393939,49.75844012294452,49.8090235351675,0.6239524262640752,0.5552808080348679,0.6624548225752411,0.5793019708957735,0.8227240039889658,0.40939080786729426,0.7492686055326917,1.004883713405875,0.09683314766083902,0.24419107488902028,0.16809901560564666,0.6620549055791934,0.28850513792634425,0.29233538544394344,0.14692114491309785,0.24962980357043515,0.014291651899317755,0.4731975562900863,-0.04768587192258957,-0.3085770334305126,0.07670640810213637,-0.28298652919296524,-0.07355073466244491,-0.18994674159234742,-0.0507608643622483,0.31859098614854436,-0.3442969529851846,-0.21522618473772634,0.5038303889077665,-0.0931447647521924,0.26444223039816067,-0.025557321949132825,0.29067055866945585,-0.010176609850981256,-2.110975137576697
0.01,0.5,1e-05,1832,264,0.9090909090909091,46.56955694444988,46.49761055279762,0.5445600341219569,0.5672493873856035,0.7206454049672596,0.6397390670768076,0.8746856979361533,0.4892436379077921,0.7369858029553876,0.950682473749951,0.04654459690997791,0.24918042550753253,0.14625373777688103,0.3939376088163587,0.2931818587147601,0.24842877938028549,0.08264965118943339,0.08654234899185032,-0.02803178493225786,0.4060533118281534,-0.08879399394281129,-0.30776784977539673,0.07276885162259762,-0.3100992423727232,0.10359758784684177,-0.3175098997069742,0.0122365237957293,0.3608032322556841,-0.28988504425789446,-0.26585784186349365,0.42549163179631194,-0.04282449603180876,0.15715486251277994,0.11169257592026512,0.21350255756015663,-0.024844818843793998,-1.89461472039719
0.01,0.5,1e-05,1797,264,0.7878787878787878,52.50442159992242,52.72672935350266,0.6265876949628738,0.5701767959146739,0.9162964593451737,0.7587309378777175,0.8338263659483636,0.26861762089044616,0.7731442084567749,0.8567726469053618,0.09777384286649693,0.11875925543817324,0.26739001579303634,0.6332290385315635,0.30556756655594436,0.5448684079953617,0.18053153800119756,0.13086290235749512,0.03824548756815148,0.42150313277627033,-0.01842378299042289,-0.1962802443869335,0.02353876020722477,-0.2471421916197456,-0.0999193554228555,-0.1580443398140086,0.09300799168274684,0.3739378074216932,-0.23042769530810636,-0.3296130243449125,0.5367847575119052,-0.04807795227605969,0.06840204326084308,-0.038942868578035215,0.19132802854548717,-0.10820165737188227,-2.164240824529085
